2026-08-31 23:17:13,763 [INFO] vulnscan.audit: REQUEST user=admin role=VIEWER method=POST path=/accounts/login/ status=302
2026-08-31 23:17:13,833 [INFO] vulnscan.audit: REQUEST user=admin role=VIEWER method=GET path=/ status=200
2026-08-31 23:17:17,893 [INFO] vulnscan.audit: REQUEST user=admin role=VIEWER method=GET path=/reports/ status=200
2026-08-31 23:17:18,516 [INFO] vulnscan.audit: REQUEST user=admin role=VIEWER method=GET path=/analytics/ status=200
2026-08-31 23:17:19,691 [INFO] vulnscan.audit: REQUEST user=admin role=VIEWER method=GET path=/ status=200
2026-08-31 23:17:21,355 [INFO] vulnscan.audit: REQUEST user=admin role=VIEWER method=GET path=/reports/ status=200
2026-08-31 23:17:21,765 [INFO] vulnscan.audit: REQUEST user=admin role=VIEWER method=GET path=/analytics/ status=200
2026-08-31 23:17:22,608 [INFO] vulnscan.audit: REQUEST user=admin role=VIEWER method=GET path=/ status=200
2026-08-31 23:17:53,484 [INFO] vulnscan.audit: REQUEST user=admin role=VIEWER method=POST path=/accounts/login/ status=302
2026-08-31 23:17:53,505 [INFO] vulnscan.audit: REQUEST user=admin role=VIEWER method=GET path=/ status=200
2026-08-31 23:17:55,868 [INFO] vulnscan.audit: REQUEST user=admin role=VIEWER method=GET path=/analytics/ status=200
2026-08-31 23:17:57,024 [INFO] vulnscan.audit: REQUEST user=admin role=VIEWER method=GET path=/scanning/ status=200
2026-08-31 23:17:58,195 [INFO] vulnscan.audit: REQUEST user=admin role=VIEWER method=GET path=/vulnassess/ status=200
2026-08-31 23:17:58,864 [INFO] vulnscan.audit: REQUEST user=admin role=VIEWER method=GET path=/reports/ status=200
2026-08-31 23:17:59,599 [INFO] vulnscan.audit: REQUEST user=admin role=VIEWER method=GET path=/accounts/manage/ status=200
2026-08-31 23:18:01,074 [INFO] vulnscan.audit: REQUEST user=admin role=VIEWER method=GET path=/accounts/logs/ status=200
2026-08-31 23:18:02,487 [INFO] vulnscan.audit: REQUEST user=admin role=VIEWER method=GET path=/ status=200
2026-08-31 23:18:05,589 [INFO] vulnscan.audit: REQUEST user=admin role=VIEWER method=GET path=/analytics/ status=200
2026-08-31 23:18:15,263 [INFO] vulnscan.audit: REQUEST user=admin role=VIEWER method=GET path=/analytics/ status=200
2026-08-31 23:18:16,316 [INFO] vulnscan.audit: REQUEST user=admin role=VIEWER method=GET path=/analytics/ status=200
2026-08-31 23:18:17,025 [INFO] vulnscan.audit: REQUEST user=admin role=VIEWER method=GET path=/analytics/ status=200
2026-08-31 23:18:18,905 [INFO] vulnscan.audit: REQUEST user=admin role=VIEWER method=GET path=/analytics/ status=200
2026-08-31 23:18:20,244 [INFO] vulnscan.audit: REQUEST user=admin role=VIEWER method=GET path=/scanning/ status=200
2026-08-31 23:18:23,920 [INFO] vulnscan.audit: REQUEST user=admin role=VIEWER method=GET path=/scanning/targets/add/ status=200
2026-08-31 23:19:09,508 [INFO] vulnscan.audit: REQUEST user=admin role=VIEWER method=POST path=/scanning/targets/add/ status=302
2026-08-31 23:19:09,521 [INFO] vulnscan.audit: REQUEST user=admin role=VIEWER method=GET path=/scanning/ status=200
2026-08-31 23:19:11,791 [INFO] vulnscan.audit: REQUEST user=admin role=VIEWER method=POST path=/scanning/launch/ status=302
2026-08-31 23:19:11,826 [INFO] vulnscan.audit: REQUEST user=admin role=VIEWER method=GET path=/scanning/jobs/1/ status=200
2026-08-31 23:19:15,849 [INFO] vulnscan.audit: REQUEST user=admin role=VIEWER method=GET path=/scanning/jobs/1/status/ status=200
2026-08-31 23:19:18,114 [INFO] vulnscan.audit: SCAN_COMPLETED job=1 target=192.168.1.6
2026-08-31 23:19:18,119 [INFO] vulnscan.audit: CORRELATION_COMPLETE job=1 findings=0
2026-08-31 23:19:19,863 [INFO] vulnscan.audit: REQUEST user=admin role=VIEWER method=GET path=/scanning/jobs/1/status/ status=200
2026-08-31 23:19:20,797 [INFO] vulnscan.audit: REQUEST user=admin role=VIEWER method=GET path=/scanning/jobs/1/ status=200
2026-08-31 23:19:26,336 [INFO] vulnscan.audit: REQUEST user=admin role=VIEWER method=GET path=/reports/generate/1/pdf/ status=302
2026-08-31 23:19:26,349 [INFO] vulnscan.audit: REQUEST user=admin role=VIEWER method=GET path=/reports/ status=200
2026-08-31 23:19:36,339 [INFO] vulnscan.audit: REQUEST user=admin role=VIEWER method=GET path=/scanning/ status=200
2026-08-31 23:19:38,135 [INFO] vulnscan.audit: REQUEST user=admin role=VIEWER method=GET path=/scanning/targets/add/ status=200
2026-08-31 23:19:43,367 [INFO] vulnscan.audit: REQUEST user=admin role=VIEWER method=POST path=/scanning/targets/add/ status=302
2026-08-31 23:19:43,384 [INFO] vulnscan.audit: REQUEST user=admin role=VIEWER method=GET path=/scanning/ status=200
2026-08-31 23:19:44,654 [INFO] vulnscan.audit: REQUEST user=admin role=VIEWER method=POST path=/scanning/launch/ status=302
2026-08-31 23:19:44,666 [INFO] vulnscan.audit: REQUEST user=admin role=VIEWER method=GET path=/scanning/jobs/2/ status=200
2026-08-31 23:19:47,490 [INFO] vulnscan.audit: SCAN_COMPLETED job=2 target=192.168.1.6
2026-08-31 23:19:47,492 [INFO] vulnscan.audit: CORRELATION_COMPLETE job=2 findings=0
2026-08-31 23:19:48,687 [INFO] vulnscan.audit: REQUEST user=admin role=VIEWER method=GET path=/scanning/jobs/2/status/ status=200
2026-08-31 23:19:49,616 [INFO] vulnscan.audit: REQUEST user=admin role=VIEWER method=GET path=/scanning/jobs/2/ status=200
2026-08-31 23:20:01,604 [INFO] vulnscan.audit: REQUEST user=admin role=VIEWER method=GET path=/reports/generate/2/pdf/ status=302
2026-08-31 23:20:01,636 [INFO] vulnscan.audit: REQUEST user=admin role=VIEWER method=GET path=/reports/ status=200
2026-08-31 23:21:50,694 [INFO] vulnscan.audit: REQUEST user=admin role=VIEWER method=GET path=/analytics/ status=200
2026-08-31 23:21:54,143 [INFO] vulnscan.audit: REQUEST user=admin role=VIEWER method=GET path=/ status=200
2026-08-31 23:21:59,472 [INFO] vulnscan.audit: REQUEST user=admin role=VIEWER method=GET path=/analytics/ status=200
2026-08-31 23:22:17,777 [INFO] vulnscan.audit: REQUEST user=admin role=VIEWER method=GET path=/scanning/ status=200
2026-08-31 23:22:19,057 [INFO] vulnscan.audit: REQUEST user=admin role=VIEWER method=GET path=/scanning/targets/add/ status=200
2026-08-31 23:22:27,612 [INFO] vulnscan.audit: REQUEST user=admin role=VIEWER method=POST path=/scanning/targets/add/ status=302
2026-08-31 23:22:27,644 [INFO] vulnscan.audit: REQUEST user=admin role=VIEWER method=GET path=/scanning/ status=200
2026-08-31 23:22:29,238 [INFO] vulnscan.audit: REQUEST user=admin role=VIEWER method=POST path=/scanning/launch/ status=302
2026-08-31 23:22:29,250 [INFO] vulnscan.audit: REQUEST user=admin role=VIEWER method=GET path=/scanning/jobs/3/ status=200
2026-08-31 23:22:32,024 [INFO] vulnscan.audit: SCAN_COMPLETED job=3 target=192.168.1.6
2026-08-31 23:22:32,026 [INFO] vulnscan.audit: CORRELATION_COMPLETE job=3 findings=0
2026-08-31 23:22:33,281 [INFO] vulnscan.audit: REQUEST user=admin role=VIEWER method=GET path=/scanning/jobs/3/status/ status=200
2026-08-31 23:22:34,207 [INFO] vulnscan.audit: REQUEST user=admin role=VIEWER method=GET path=/scanning/jobs/3/ status=200
2026-08-31 23:22:36,311 [INFO] vulnscan.audit: REQUEST user=admin role=VIEWER method=GET path=/scanning/targets/1/trend/ status=200
2026-08-31 23:22:41,342 [INFO] vulnscan.audit: REQUEST user=admin role=VIEWER method=GET path=/scanning/jobs/3/ status=200
2026-08-31 23:22:42,349 [INFO] vulnscan.audit: REQUEST user=admin role=VIEWER method=GET path=/scanning/jobs/3/compare/ status=200
2026-08-31 23:22:47,775 [INFO] vulnscan.audit: REQUEST user=admin role=VIEWER method=GET path=/scanning/ status=200
2026-08-31 23:22:49,200 [INFO] vulnscan.audit: REQUEST user=admin role=VIEWER method=GET path=/scanning/targets/add/ status=200
2026-08-31 23:23:06,939 [INFO] vulnscan.audit: REQUEST user=admin role=VIEWER method=POST path=/scanning/targets/add/ status=302
2026-08-31 23:23:06,973 [INFO] vulnscan.audit: REQUEST user=admin role=VIEWER method=GET path=/scanning/ status=200
2026-08-31 23:23:16,804 [INFO] vulnscan.audit: REQUEST user=admin role=VIEWER method=POST path=/scanning/launch/ status=302
2026-08-31 23:23:16,828 [INFO] vulnscan.audit: REQUEST user=admin role=VIEWER method=GET path=/scanning/jobs/4/ status=200
2026-08-31 23:23:20,688 [INFO] vulnscan.audit: SCAN_COMPLETED job=4 target=10.4.26.230
2026-08-31 23:23:20,701 [INFO] vulnscan.audit: CORRELATION_COMPLETE job=4 findings=0
2026-08-31 23:23:20,853 [INFO] vulnscan.audit: REQUEST user=admin role=VIEWER method=GET path=/scanning/jobs/4/status/ status=200
2026-08-31 23:23:21,781 [INFO] vulnscan.audit: REQUEST user=admin role=VIEWER method=GET path=/scanning/jobs/4/ status=200
2026-08-31 23:23:23,565 [INFO] vulnscan.audit: REQUEST user=admin role=VIEWER method=GET path=/scanning/targets/4/trend/ status=200
2026-08-31 23:23:26,691 [INFO] vulnscan.audit: REQUEST user=admin role=VIEWER method=GET path=/scanning/ status=200
2026-08-31 23:23:31,035 [INFO] vulnscan.audit: REQUEST user=admin role=VIEWER method=POST path=/scanning/launch/ status=302
2026-08-31 23:23:31,051 [INFO] vulnscan.audit: REQUEST user=admin role=VIEWER method=GET path=/scanning/jobs/5/ status=200
2026-08-31 23:23:35,075 [INFO] vulnscan.audit: REQUEST user=admin role=VIEWER method=GET path=/scanning/jobs/5/status/ status=200
2026-08-31 23:23:39,090 [INFO] vulnscan.audit: REQUEST user=admin role=VIEWER method=GET path=/scanning/jobs/5/status/ status=200
2026-08-31 23:23:43,100 [INFO] vulnscan.audit: REQUEST user=admin role=VIEWER method=GET path=/scanning/jobs/5/status/ status=200
2026-08-31 23:23:47,111 [INFO] vulnscan.audit: REQUEST user=admin role=VIEWER method=GET path=/scanning/jobs/5/status/ status=200
2026-08-31 23:23:51,121 [INFO] vulnscan.audit: REQUEST user=admin role=VIEWER method=GET path=/scanning/jobs/5/status/ status=200
2026-08-31 23:23:55,131 [INFO] vulnscan.audit: REQUEST user=admin role=VIEWER method=GET path=/scanning/jobs/5/status/ status=200
2026-08-31 23:23:59,145 [INFO] vulnscan.audit: REQUEST user=admin role=VIEWER method=GET path=/scanning/jobs/5/status/ status=200
2026-08-31 23:24:03,163 [INFO] vulnscan.audit: REQUEST user=admin role=VIEWER method=GET path=/scanning/jobs/5/status/ status=200
2026-08-31 23:24:07,179 [INFO] vulnscan.audit: REQUEST user=admin role=VIEWER method=GET path=/scanning/jobs/5/status/ status=200
2026-08-31 23:24:09,316 [INFO] vulnscan.audit: REQUEST user=admin role=VIEWER method=GET path=/scanning/jobs/5/ status=200
2026-08-31 23:24:10,577 [INFO] vulnscan.audit: REQUEST user=admin role=VIEWER method=GET path=/scanning/jobs/5/ status=200
2026-08-31 23:24:11,406 [INFO] vulnscan.audit: REQUEST user=admin role=VIEWER method=GET path=/scanning/jobs/5/ status=200
2026-08-31 23:24:13,011 [INFO] vulnscan.audit: REQUEST user=admin role=VIEWER method=GET path=/scanning/jobs/5/ status=200
2026-08-31 23:24:17,033 [INFO] vulnscan.audit: REQUEST user=admin role=VIEWER method=GET path=/scanning/jobs/5/status/ status=200
2026-08-31 23:24:21,047 [INFO] vulnscan.audit: REQUEST user=admin role=VIEWER method=GET path=/scanning/jobs/5/status/ status=200
2026-08-31 23:24:22,969 [INFO] vulnscan.audit: REQUEST user=admin role=VIEWER method=GET path=/scanning/ status=200
2026-08-31 23:24:28,824 [INFO] vulnscan.audit: REQUEST user=admin role=VIEWER method=POST path=/scanning/launch/ status=302
2026-08-31 23:24:28,845 [INFO] vulnscan.audit: REQUEST user=admin role=VIEWER method=GET path=/scanning/jobs/6/ status=200
2026-08-31 23:24:32,871 [INFO] vulnscan.audit: REQUEST user=admin role=VIEWER method=GET path=/scanning/ status=200
2026-08-31 23:24:32,878 [INFO] vulnscan.audit: REQUEST user=admin role=VIEWER method=GET path=/scanning/jobs/6/status/ status=200
2026-08-31 23:26:03,235 [INFO] vulnscan.audit: SCAN_COMPLETED job=5 target=192.168.1.1
2026-08-31 23:26:03,244 [INFO] vulnscan.audit: CORRELATION_COMPLETE job=5 findings=0
2026-08-31 23:26:34,285 [INFO] vulnscan.audit: REQUEST user=admin role=VIEWER method=GET path=/scanning/jobs/5/ status=200
2026-08-31 23:26:38,781 [INFO] vulnscan.audit: REQUEST user=admin role=VIEWER method=GET path=/scanning/jobs/5/ status=200
2026-08-31 23:26:39,975 [INFO] vulnscan.audit: REQUEST user=admin role=VIEWER method=GET path=/scanning/ status=200
2026-08-31 23:26:41,606 [INFO] vulnscan.audit: REQUEST user=admin role=VIEWER method=GET path=/scanning/jobs/6/ status=200
2026-08-31 23:26:45,034 [INFO] vulnscan.audit: REQUEST user=admin role=VIEWER method=GET path=/scanning/ status=200
2026-08-31 23:26:46,241 [INFO] vulnscan.audit: REQUEST user=admin role=VIEWER method=GET path=/scanning/jobs/5/ status=200
2026-08-31 23:26:48,152 [INFO] vulnscan.audit: REQUEST user=admin role=VIEWER method=GET path=/scanning/targets/3/trend/ status=200
2026-08-31 23:26:52,161 [INFO] vulnscan.audit: REQUEST user=admin role=VIEWER method=GET path=/scanning/jobs/5/ status=200
2026-08-31 23:27:02,803 [INFO] vulnscan.audit: REQUEST user=admin role=VIEWER method=GET path=/scanning/ status=200
2026-08-31 23:27:04,505 [INFO] vulnscan.audit: REQUEST user=admin role=VIEWER method=GET path=/scanning/jobs/6/ status=200
2026-08-31 23:27:06,150 [INFO] vulnscan.audit: REQUEST user=admin role=VIEWER method=GET path=/scanning/jobs/6/ status=200
2026-08-31 23:27:06,952 [INFO] vulnscan.audit: REQUEST user=admin role=VIEWER method=GET path=/scanning/jobs/6/ status=200
2026-08-31 23:27:07,458 [INFO] vulnscan.audit: REQUEST user=admin role=VIEWER method=GET path=/scanning/jobs/6/ status=200
2026-08-31 23:27:07,869 [INFO] vulnscan.audit: REQUEST user=admin role=VIEWER method=GET path=/scanning/jobs/6/ status=200
2026-08-31 23:27:08,276 [INFO] vulnscan.audit: REQUEST user=admin role=VIEWER method=GET path=/scanning/jobs/6/ status=200
2026-08-31 23:27:08,670 [INFO] vulnscan.audit: REQUEST user=admin role=VIEWER method=GET path=/scanning/jobs/6/ status=200
2026-08-31 23:27:09,128 [INFO] vulnscan.audit: REQUEST user=admin role=VIEWER method=GET path=/scanning/jobs/6/ status=200
2026-08-31 23:27:11,805 [INFO] vulnscan.audit: REQUEST user=admin role=VIEWER method=GET path=/analytics/ status=200
2026-08-31 23:27:18,845 [INFO] vulnscan.audit: REQUEST user=admin role=VIEWER method=GET path=/scanning/ status=200
2026-08-31 23:27:24,180 [INFO] vulnscan.audit: REQUEST user=admin role=VIEWER method=GET path=/scanning/targets/add/ status=200
2026-08-31 23:27:30,068 [INFO] vulnscan.audit: REQUEST user=admin role=VIEWER method=GET path=/scanning/ status=200
2026-08-31 23:27:40,619 [INFO] vulnscan.audit: REQUEST user=admin role=VIEWER method=GET path=/scanning/jobs/6/ status=200
2026-08-31 23:27:43,123 [INFO] vulnscan.audit: REQUEST user=admin role=VIEWER method=GET path=/scanning/jobs/6/ status=200
2026-08-31 23:27:47,816 [INFO] vulnscan.audit: REQUEST user=admin role=VIEWER method=GET path=/scanning/jobs/6/status/ status=200
2026-08-31 23:27:52,822 [INFO] vulnscan.audit: REQUEST user=admin role=VIEWER method=GET path=/scanning/jobs/6/status/ status=200
2026-08-31 23:27:57,820 [INFO] vulnscan.audit: REQUEST user=admin role=VIEWER method=GET path=/scanning/jobs/6/status/ status=200
2026-08-31 23:28:02,811 [INFO] vulnscan.audit: REQUEST user=admin role=VIEWER method=GET path=/scanning/jobs/6/status/ status=200
2026-08-31 23:28:07,815 [INFO] vulnscan.audit: REQUEST user=admin role=VIEWER method=GET path=/scanning/jobs/6/status/ status=200
2026-08-31 23:28:12,807 [INFO] vulnscan.audit: REQUEST user=admin role=VIEWER method=GET path=/scanning/jobs/6/status/ status=200
2026-08-31 23:28:17,822 [INFO] vulnscan.audit: REQUEST user=admin role=VIEWER method=GET path=/scanning/jobs/6/status/ status=200
2026-08-31 23:28:22,815 [INFO] vulnscan.audit: REQUEST user=admin role=VIEWER method=GET path=/scanning/jobs/6/status/ status=200
2026-08-31 23:28:27,821 [INFO] vulnscan.audit: REQUEST user=admin role=VIEWER method=GET path=/scanning/jobs/6/status/ status=200
2026-08-31 23:28:32,809 [INFO] vulnscan.audit: REQUEST user=admin role=VIEWER method=GET path=/scanning/jobs/6/status/ status=200
2026-08-31 23:28:37,815 [INFO] vulnscan.audit: REQUEST user=admin role=VIEWER method=GET path=/scanning/jobs/6/status/ status=200
2026-08-31 23:28:42,816 [INFO] vulnscan.audit: REQUEST user=admin role=VIEWER method=GET path=/scanning/jobs/6/status/ status=200
2026-08-31 23:28:47,820 [INFO] vulnscan.audit: REQUEST user=admin role=VIEWER method=GET path=/scanning/jobs/6/status/ status=200
2026-08-31 23:28:52,820 [INFO] vulnscan.audit: REQUEST user=admin role=VIEWER method=GET path=/scanning/jobs/6/status/ status=200
2026-08-31 23:28:57,819 [INFO] vulnscan.audit: REQUEST user=admin role=VIEWER method=GET path=/scanning/jobs/6/status/ status=200
2026-08-31 23:29:02,821 [INFO] vulnscan.audit: REQUEST user=admin role=VIEWER method=GET path=/scanning/jobs/6/status/ status=200
2026-08-31 23:29:07,815 [INFO] vulnscan.audit: REQUEST user=admin role=VIEWER method=GET path=/scanning/jobs/6/status/ status=200
2026-08-31 23:29:12,821 [INFO] vulnscan.audit: REQUEST user=admin role=VIEWER method=GET path=/scanning/jobs/6/status/ status=200
2026-08-31 23:29:17,813 [INFO] vulnscan.audit: REQUEST user=admin role=VIEWER method=GET path=/scanning/jobs/6/status/ status=200
2026-08-31 23:29:22,819 [INFO] vulnscan.audit: REQUEST user=admin role=VIEWER method=GET path=/scanning/jobs/6/status/ status=200
2026-08-31 23:29:27,811 [INFO] vulnscan.audit: REQUEST user=admin role=VIEWER method=GET path=/scanning/jobs/6/status/ status=200
2026-08-31 23:29:32,821 [INFO] vulnscan.audit: REQUEST user=admin role=VIEWER method=GET path=/scanning/jobs/6/status/ status=200
2026-08-31 23:29:37,823 [INFO] vulnscan.audit: REQUEST user=admin role=VIEWER method=GET path=/scanning/jobs/6/status/ status=200
2026-08-31 23:29:42,821 [INFO] vulnscan.audit: REQUEST user=admin role=VIEWER method=GET path=/scanning/jobs/6/status/ status=200
2026-08-31 23:29:47,821 [INFO] vulnscan.audit: REQUEST user=admin role=VIEWER method=GET path=/scanning/jobs/6/status/ status=200
2026-08-31 23:29:52,814 [INFO] vulnscan.audit: REQUEST user=admin role=VIEWER method=GET path=/scanning/jobs/6/status/ status=200
2026-08-31 23:29:57,820 [INFO] vulnscan.audit: REQUEST user=admin role=VIEWER method=GET path=/scanning/jobs/6/status/ status=200
2026-08-31 23:30:02,811 [INFO] vulnscan.audit: REQUEST user=admin role=VIEWER method=GET path=/scanning/jobs/6/status/ status=200
2026-08-31 23:30:07,822 [INFO] vulnscan.audit: REQUEST user=admin role=VIEWER method=GET path=/scanning/jobs/6/status/ status=200
2026-08-31 23:30:12,817 [INFO] vulnscan.audit: REQUEST user=admin role=VIEWER method=GET path=/scanning/jobs/6/status/ status=200
2026-08-31 23:30:17,820 [INFO] vulnscan.audit: REQUEST user=admin role=VIEWER method=GET path=/scanning/jobs/6/status/ status=200
2026-08-31 23:30:22,821 [INFO] vulnscan.audit: REQUEST user=admin role=VIEWER method=GET path=/scanning/jobs/6/status/ status=200
2026-08-31 23:30:27,823 [INFO] vulnscan.audit: REQUEST user=admin role=VIEWER method=GET path=/scanning/jobs/6/status/ status=200
2026-08-31 23:30:32,823 [INFO] vulnscan.audit: REQUEST user=admin role=VIEWER method=GET path=/scanning/jobs/6/status/ status=200
2026-08-31 23:30:37,817 [INFO] vulnscan.audit: REQUEST user=admin role=VIEWER method=GET path=/scanning/jobs/6/status/ status=200
2026-08-31 23:30:42,816 [INFO] vulnscan.audit: REQUEST user=admin role=VIEWER method=GET path=/scanning/jobs/6/status/ status=200
2026-08-31 23:30:47,816 [INFO] vulnscan.audit: REQUEST user=admin role=VIEWER method=GET path=/scanning/jobs/6/status/ status=200
2026-08-31 23:30:52,822 [INFO] vulnscan.audit: REQUEST user=admin role=VIEWER method=GET path=/scanning/jobs/6/status/ status=200
2026-08-31 23:30:57,818 [INFO] vulnscan.audit: REQUEST user=admin role=VIEWER method=GET path=/scanning/jobs/6/status/ status=200
2026-08-31 23:31:02,821 [INFO] vulnscan.audit: REQUEST user=admin role=VIEWER method=GET path=/scanning/jobs/6/status/ status=200
2026-08-31 23:31:07,815 [INFO] vulnscan.audit: REQUEST user=admin role=VIEWER method=GET path=/scanning/jobs/6/status/ status=200
2026-08-31 23:31:12,818 [INFO] vulnscan.audit: REQUEST user=admin role=VIEWER method=GET path=/scanning/jobs/6/status/ status=200
2026-08-31 23:31:17,812 [INFO] vulnscan.audit: REQUEST user=admin role=VIEWER method=GET path=/scanning/jobs/6/status/ status=200
2026-08-31 23:31:22,809 [INFO] vulnscan.audit: REQUEST user=admin role=VIEWER method=GET path=/scanning/jobs/6/status/ status=200
2026-08-31 23:31:27,811 [INFO] vulnscan.audit: REQUEST user=admin role=VIEWER method=GET path=/scanning/jobs/6/status/ status=200
2026-08-31 23:31:32,824 [INFO] vulnscan.audit: REQUEST user=admin role=VIEWER method=GET path=/scanning/jobs/6/status/ status=200
2026-08-31 23:31:37,822 [INFO] vulnscan.audit: REQUEST user=admin role=VIEWER method=GET path=/scanning/jobs/6/status/ status=200
2026-08-31 23:31:42,819 [INFO] vulnscan.audit: REQUEST user=admin role=VIEWER method=GET path=/scanning/jobs/6/status/ status=200
2026-08-31 23:31:47,823 [INFO] vulnscan.audit: REQUEST user=admin role=VIEWER method=GET path=/scanning/jobs/6/status/ status=200
2026-08-31 23:31:52,820 [INFO] vulnscan.audit: REQUEST user=admin role=VIEWER method=GET path=/scanning/jobs/6/status/ status=200
2026-08-31 23:31:57,820 [INFO] vulnscan.audit: REQUEST user=admin role=VIEWER method=GET path=/scanning/jobs/6/status/ status=200
2026-08-31 23:32:02,818 [INFO] vulnscan.audit: REQUEST user=admin role=VIEWER method=GET path=/scanning/jobs/6/status/ status=200
2026-08-31 23:32:07,215 [INFO] vulnscan.audit: REQUEST user=admin role=VIEWER method=GET path=/scanning/jobs/6/status/ status=200
2026-08-31 23:32:09,180 [INFO] vulnscan.audit: REQUEST user=admin role=VIEWER method=GET path=/scanning/jobs/6/ status=200
2026-08-31 23:32:10,241 [INFO] vulnscan.audit: REQUEST user=admin role=VIEWER method=GET path=/scanning/ status=200
2026-08-31 23:32:12,044 [INFO] vulnscan.audit: REQUEST user=admin role=VIEWER method=GET path=/scanning/jobs/6/ status=200
2026-08-31 23:32:13,411 [INFO] vulnscan.audit: REQUEST user=admin role=VIEWER method=GET path=/scanning/jobs/6/ status=200
2026-08-31 23:32:15,518 [INFO] vulnscan.audit: REQUEST user=admin role=VIEWER method=GET path=/analytics/ status=200
2026-08-31 23:32:19,805 [INFO] vulnscan.audit: REQUEST user=admin role=VIEWER method=GET path=/scanning/ status=200
2026-08-31 23:39:19,689 [INFO] vulnscan.audit: REQUEST user=Admin role=VIEWER method=POST path=/accounts/login/ status=302
2026-08-31 23:39:19,761 [INFO] vulnscan.audit: REQUEST user=Admin role=VIEWER method=GET path=/ status=200
2026-08-31 23:39:23,789 [INFO] vulnscan.audit: REQUEST user=Admin role=VIEWER method=GET path=/analytics/ status=200
2026-08-31 23:39:25,351 [INFO] vulnscan.audit: REQUEST user=Admin role=VIEWER method=GET path=/reports/ status=200
2026-08-31 23:39:26,448 [INFO] vulnscan.audit: REQUEST user=Admin role=VIEWER method=GET path=/ status=200
2026-08-31 23:42:30,191 [INFO] vulnscan.audit: REQUEST user=User role=VIEWER method=POST path=/accounts/login/ status=302
2026-08-31 23:42:30,215 [INFO] vulnscan.audit: REQUEST user=User role=VIEWER method=GET path=/ status=200
2026-08-31 23:42:33,347 [INFO] vulnscan.audit: REQUEST user=User role=VIEWER method=GET path=/reports/ status=200
2026-08-31 23:42:33,898 [INFO] vulnscan.audit: REQUEST user=User role=VIEWER method=GET path=/analytics/ status=200
2026-08-31 23:42:34,522 [INFO] vulnscan.audit: REQUEST user=User role=VIEWER method=GET path=/ status=200
2026-08-31 23:42:38,858 [INFO] vulnscan.audit: REQUEST user=Admin role=VIEWER method=POST path=/accounts/login/ status=302
2026-08-31 23:42:38,882 [INFO] vulnscan.audit: REQUEST user=Admin role=VIEWER method=GET path=/ status=200
2026-08-31 23:43:34,710 [INFO] vulnscan.audit: REQUEST user=Admin role=VIEWER method=GET path=/ status=200
2026-08-31 23:43:39,705 [INFO] vulnscan.audit: REQUEST user=User role=VIEWER method=POST path=/accounts/login/ status=302
2026-08-31 23:43:39,727 [INFO] vulnscan.audit: REQUEST user=User role=VIEWER method=GET path=/ status=200
2026-08-31 23:44:18,222 [INFO] vulnscan.audit: REQUEST user=User role=VIEWER method=POST path=/accounts/login/ status=302
2026-08-31 23:44:18,246 [INFO] vulnscan.audit: REQUEST user=User role=VIEWER method=GET path=/ status=200
2026-08-31 23:44:26,790 [INFO] vulnscan.audit: REQUEST user=Admin role=VIEWER method=POST path=/accounts/login/ status=302
2026-08-31 23:44:26,813 [INFO] vulnscan.audit: REQUEST user=Admin role=VIEWER method=GET path=/ status=200
2026-08-31 23:44:39,795 [INFO] vulnscan.audit: REQUEST user=Admin role=VIEWER method=POST path=/accounts/login/ status=302
2026-08-31 23:44:39,822 [INFO] vulnscan.audit: REQUEST user=Admin role=VIEWER method=GET path=/ status=200
2026-08-31 23:45:30,918 [INFO] vulnscan.audit: REQUEST user=Admin role=VIEWER method=POST path=/accounts/login/ status=302
2026-08-31 23:45:30,942 [INFO] vulnscan.audit: REQUEST user=Admin role=VIEWER method=GET path=/ status=200
2026-08-31 23:46:01,715 [INFO] vulnscan.audit: REQUEST user=Admin role=VIEWER method=GET path=/ status=200
2026-08-31 23:46:02,364 [INFO] vulnscan.audit: REQUEST user=Admin role=VIEWER method=GET path=/ status=200
2026-08-31 23:46:08,216 [INFO] vulnscan.audit: REQUEST user=Admin role=VIEWER method=POST path=/accounts/login/ status=302
2026-08-31 23:46:08,242 [INFO] vulnscan.audit: REQUEST user=Admin role=VIEWER method=GET path=/ status=200
2026-08-31 23:52:07,871 [INFO] vulnscan.audit: REQUEST user=Admin role=VIEWER method=POST path=/accounts/login/ status=302
2026-08-31 23:52:07,926 [INFO] vulnscan.audit: REQUEST user=Admin role=VIEWER method=GET path=/ status=200
2026-08-31 23:57:44,662 [INFO] vulnscan.audit: REQUEST user=Owner1234 role=VIEWER method=POST path=/accounts/login/ status=302
2026-08-31 23:57:44,697 [INFO] vulnscan.audit: REQUEST user=Owner1234 role=VIEWER method=GET path=/ status=200
2026-09-01 00:08:38,074 [INFO] vulnscan.audit: Successful login: username=Owner1234 role=VIEWER ip=127.0.0.1
2026-09-01 00:08:38,075 [INFO] vulnscan.audit: REQUEST user=Owner1234 role=VIEWER method=POST path=/accounts/login/ status=302
2026-09-01 00:08:38,287 [INFO] vulnscan.audit: REQUEST user=Owner1234 role=VIEWER method=GET path=/dashboard/ status=404
2026-09-01 00:08:41,337 [INFO] vulnscan.audit: REQUEST user=Owner1234 role=VIEWER method=GET path=/accounts/login/ status=200
2026-09-01 00:08:50,791 [INFO] vulnscan.audit: REQUEST user=Owner1234 role=VIEWER method=GET path=/accounts/register/ status=200
2026-09-01 00:09:22,805 [INFO] vulnscan.audit: REQUEST user=Owner1234 role=VIEWER method=POST path=/accounts/register/ status=200
2026-09-01 00:09:30,692 [INFO] vulnscan.audit: User registered: username=Owner role=VIEWER ip=127.0.0.1
2026-09-01 00:09:30,694 [INFO] vulnscan.audit: REQUEST user=Owner1234 role=VIEWER method=POST path=/accounts/register/ status=302
2026-09-01 00:09:30,705 [INFO] vulnscan.audit: REQUEST user=Owner1234 role=VIEWER method=GET path=/accounts/login/ status=200
2026-09-01 00:09:35,141 [INFO] vulnscan.audit: Successful login: username=Owner role=VIEWER ip=127.0.0.1
2026-09-01 00:09:35,143 [INFO] vulnscan.audit: REQUEST user=Owner role=VIEWER method=POST path=/accounts/login/ status=302
2026-09-01 00:09:35,165 [INFO] vulnscan.audit: REQUEST user=Owner role=VIEWER method=GET path=/dashboard/ status=404
2026-09-01 00:14:53,752 [WARNING] vulnscan.audit: Failed login: username=owner ip=127.0.0.1
2026-09-01 00:15:03,890 [INFO] vulnscan.audit: REQUEST user=Owner role=VIEWER method=GET path=/dashboard/ status=404
2026-09-01 00:15:04,821 [INFO] vulnscan.audit: REQUEST user=Owner role=VIEWER method=GET path=/dashboard/ status=404
2026-09-01 00:15:05,422 [INFO] vulnscan.audit: REQUEST user=Owner role=VIEWER method=GET path=/accounts/login/ status=200
2026-09-01 00:15:06,164 [INFO] vulnscan.audit: REQUEST user=Owner role=VIEWER method=GET path=/accounts/login/ status=200
2026-09-01 00:15:08,065 [INFO] vulnscan.audit: Successful login: username=Owner role=VIEWER ip=127.0.0.1
2026-09-01 00:15:08,065 [INFO] vulnscan.audit: REQUEST user=Owner role=VIEWER method=POST path=/accounts/login/ status=302
2026-09-01 00:15:08,111 [INFO] vulnscan.audit: REQUEST user=Owner role=VIEWER method=GET path=/ status=200
2026-09-01 00:15:12,420 [INFO] vulnscan.audit: REQUEST user=Owner role=VIEWER method=GET path=/reports/ status=200
2026-09-01 00:15:13,194 [INFO] vulnscan.audit: User logout: username=Owner ip=127.0.0.1
2026-09-01 00:15:49,552 [INFO] vulnscan.audit: Successful login: username=Admin role=VIEWER ip=127.0.0.1
2026-09-01 00:15:49,553 [INFO] vulnscan.audit: REQUEST user=Admin role=VIEWER method=POST path=/accounts/login/ status=302
2026-09-01 00:15:49,578 [INFO] vulnscan.audit: REQUEST user=Admin role=VIEWER method=GET path=/ status=200
2026-09-01 00:15:52,644 [INFO] vulnscan.audit: User logout: username=Admin ip=127.0.0.1
2026-09-01 00:16:41,144 [INFO] vulnscan.audit: User registered: username=viewer role=VIEWER ip=127.0.0.1
2026-09-01 00:16:53,984 [INFO] vulnscan.audit: Successful login: username=viewer role=VIEWER ip=127.0.0.1
2026-09-01 00:16:53,984 [INFO] vulnscan.audit: REQUEST user=viewer role=VIEWER method=POST path=/accounts/login/ status=302
2026-09-01 00:16:54,011 [INFO] vulnscan.audit: REQUEST user=viewer role=VIEWER method=GET path=/ status=200
2026-09-01 00:55:50,617 [WARNING] vulnscan.audit: ACCESS_DENIED user=viewer role=VIEWER path=/scanning/targets/add/ required=('ADMIN', 'ANALYST')
2026-09-01 00:55:50,651 [INFO] vulnscan.audit: REQUEST user=viewer role=VIEWER method=GET path=/scanning/targets/add/ status=302
2026-09-01 00:55:50,768 [INFO] vulnscan.audit: REQUEST user=viewer role=VIEWER method=GET path=/ status=200
2026-09-01 02:27:27,757 [INFO] vulnscan.audit: REQUEST user=viewer role=VIEWER method=GET path=/ status=200
2026-09-01 02:27:29,411 [INFO] vulnscan.audit: REQUEST user=viewer role=VIEWER method=GET path=/ status=200
2026-09-01 02:27:31,134 [INFO] vulnscan.audit: User logout: username=viewer ip=127.0.0.1
2026-09-01 02:27:54,718 [INFO] vulnscan.audit: Successful login: username=admin role=ADMIN ip=127.0.0.1
2026-09-01 02:27:54,719 [INFO] vulnscan.audit: REQUEST user=admin role=ADMIN method=POST path=/accounts/login/ status=302
2026-09-01 02:27:54,745 [INFO] vulnscan.audit: REQUEST user=admin role=ADMIN method=GET path=/ status=200
2026-09-01 02:39:07,165 [INFO] vulnscan.audit: REQUEST user=admin role=ADMIN method=GET path=/accounts/logs/ status=200
2026-09-01 02:39:10,341 [INFO] vulnscan.audit: REQUEST user=admin role=ADMIN method=GET path=/accounts/manage/ status=200
2026-09-01 02:39:52,202 [INFO] vulnscan.audit: REQUEST user=admin role=ADMIN method=GET path=/scanning/ status=200
2026-09-01 02:40:51,242 [INFO] vulnscan.audit: REQUEST user=admin role=ADMIN method=GET path=/scanning/ status=200
2026-09-01 02:40:54,343 [INFO] vulnscan.audit: REQUEST user=admin role=ADMIN method=GET path=/scanning/targets/add/ status=200
2026-09-01 02:41:00,473 [INFO] vulnscan.audit: REQUEST user=admin role=ADMIN method=POST path=/scanning/targets/add/ status=302
2026-09-01 02:41:00,494 [INFO] vulnscan.audit: REQUEST user=admin role=ADMIN method=GET path=/scanning/ status=200
2026-09-01 02:41:04,374 [INFO] vulnscan.audit: REQUEST user=admin role=ADMIN method=POST path=/scanning/launch/ status=302
2026-09-01 02:41:04,443 [INFO] vulnscan.audit: REQUEST user=admin role=ADMIN method=GET path=/scanning/jobs/1/ status=200
2026-09-01 02:41:06,337 [INFO] vulnscan.audit: REQUEST user=admin role=ADMIN method=GET path=/scanning/ status=200
2026-09-01 02:41:08,794 [INFO] vulnscan.audit: REQUEST user=admin role=ADMIN method=GET path=/scanning/targets/add/ status=200
2026-09-01 02:41:13,050 [INFO] vulnscan.audit: REQUEST user=admin role=ADMIN method=POST path=/scanning/targets/add/ status=302
2026-09-01 02:41:13,065 [INFO] vulnscan.audit: REQUEST user=admin role=ADMIN method=GET path=/scanning/ status=200
2026-09-01 02:41:16,443 [INFO] vulnscan.audit: REQUEST user=admin role=ADMIN method=POST path=/scanning/launch/ status=302
2026-09-01 02:41:16,459 [INFO] vulnscan.audit: REQUEST user=admin role=ADMIN method=GET path=/scanning/jobs/2/ status=200
2026-09-01 02:41:18,294 [INFO] vulnscan.audit: REQUEST user=admin role=ADMIN method=GET path=/scanning/ status=200
2026-09-01 02:41:19,587 [INFO] vulnscan.audit: REQUEST user=admin role=ADMIN method=GET path=/scanning/targets/add/ status=200
2026-09-01 02:41:20,212 [INFO] vulnscan.audit: SCAN_COMPLETED job=2 target=10.4.26.230
2026-09-01 02:41:20,219 [INFO] vulnscan.audit: CORRELATION_COMPLETE job=2 findings=0
2026-09-01 02:41:23,858 [INFO] vulnscan.audit: REQUEST user=admin role=ADMIN method=POST path=/scanning/targets/add/ status=302
2026-09-01 02:41:23,873 [INFO] vulnscan.audit: REQUEST user=admin role=ADMIN method=GET path=/scanning/ status=200
2026-09-01 02:41:26,020 [INFO] vulnscan.audit: REQUEST user=admin role=ADMIN method=POST path=/scanning/launch/ status=302
2026-09-01 02:41:26,039 [INFO] vulnscan.audit: REQUEST user=admin role=ADMIN method=GET path=/scanning/jobs/3/ status=200
2026-09-01 02:41:27,446 [INFO] vulnscan.audit: REQUEST user=admin role=ADMIN method=GET path=/scanning/ status=200
2026-09-01 02:41:29,102 [INFO] vulnscan.audit: REQUEST user=admin role=ADMIN method=GET path=/scanning/jobs/2/ status=200
2026-09-01 02:41:30,962 [INFO] vulnscan.audit: REQUEST user=admin role=ADMIN method=GET path=/scanning/targets/2/trend/ status=200
2026-09-01 02:41:32,891 [INFO] vulnscan.audit: REQUEST user=admin role=ADMIN method=GET path=/scanning/ status=200
2026-09-01 02:42:53,004 [INFO] vulnscan.audit: REQUEST user=admin role=ADMIN method=GET path=/scanning/jobs/1/ status=200
2026-09-01 02:42:54,554 [INFO] vulnscan.audit: REQUEST user=admin role=ADMIN method=GET path=/scanning/jobs/1/ status=200
2026-09-01 02:42:55,244 [INFO] vulnscan.audit: REQUEST user=admin role=ADMIN method=GET path=/scanning/jobs/1/ status=200
2026-09-01 02:42:56,008 [INFO] vulnscan.audit: REQUEST user=admin role=ADMIN method=GET path=/scanning/ status=200
2026-09-01 02:42:57,641 [INFO] vulnscan.audit: REQUEST user=admin role=ADMIN method=GET path=/scanning/targets/add/ status=200
2026-09-01 02:43:03,130 [INFO] vulnscan.audit: REQUEST user=admin role=ADMIN method=POST path=/scanning/targets/add/ status=302
2026-09-01 02:43:03,147 [INFO] vulnscan.audit: REQUEST user=admin role=ADMIN method=GET path=/scanning/ status=200
2026-09-01 02:43:04,555 [INFO] vulnscan.audit: REQUEST user=admin role=ADMIN method=POST path=/scanning/launch/ status=302
2026-09-01 02:43:04,582 [INFO] vulnscan.audit: REQUEST user=admin role=ADMIN method=GET path=/scanning/jobs/4/ status=200
2026-09-01 02:43:07,728 [INFO] vulnscan.audit: REQUEST user=admin role=ADMIN method=GET path=/scanning/ status=200
2026-09-01 02:43:09,831 [INFO] vulnscan.audit: REQUEST user=admin role=ADMIN method=GET path=/scanning/jobs/4/ status=200
2026-09-01 02:43:11,475 [INFO] vulnscan.audit: REQUEST user=admin role=ADMIN method=GET path=/scanning/jobs/4/ status=200
2026-09-01 02:43:12,773 [INFO] vulnscan.audit: REQUEST user=admin role=ADMIN method=GET path=/scanning/ status=200
2026-09-01 02:43:14,912 [INFO] vulnscan.audit: REQUEST user=admin role=ADMIN method=GET path=/scanning/targets/add/ status=200
2026-09-01 02:43:29,177 [INFO] vulnscan.audit: REQUEST user=admin role=ADMIN method=POST path=/scanning/targets/add/ status=302
2026-09-01 02:43:29,193 [INFO] vulnscan.audit: REQUEST user=admin role=ADMIN method=GET path=/scanning/ status=200
2026-09-01 02:43:38,222 [INFO] vulnscan.audit: REQUEST user=admin role=ADMIN method=POST path=/scanning/launch/ status=302
2026-09-01 02:43:38,237 [INFO] vulnscan.audit: REQUEST user=admin role=ADMIN method=GET path=/scanning/jobs/5/ status=200
2026-09-01 02:43:41,384 [INFO] vulnscan.audit: REQUEST user=admin role=ADMIN method=GET path=/scanning/ status=200
2026-09-01 02:43:48,374 [INFO] vulnscan.audit: REQUEST user=admin role=ADMIN method=POST path=/scanning/launch/ status=302
2026-09-01 02:43:48,389 [INFO] vulnscan.audit: REQUEST user=admin role=ADMIN method=GET path=/scanning/jobs/6/ status=200
2026-09-01 02:43:50,413 [INFO] vulnscan.audit: REQUEST user=admin role=ADMIN method=GET path=/scanning/ status=200
2026-09-01 02:43:51,548 [INFO] vulnscan.audit: SCAN_COMPLETED job=6 target=192.168.1.6
2026-09-01 02:43:51,551 [INFO] vulnscan.audit: CORRELATION_COMPLETE job=6 findings=0
2026-09-01 02:43:54,632 [INFO] vulnscan.audit: REQUEST user=admin role=ADMIN method=POST path=/scanning/launch/ status=302
2026-09-01 02:43:54,647 [INFO] vulnscan.audit: REQUEST user=admin role=ADMIN method=GET path=/scanning/jobs/7/ status=200
2026-09-01 02:43:56,182 [INFO] vulnscan.audit: REQUEST user=admin role=ADMIN method=GET path=/scanning/ status=200
2026-09-01 02:43:58,352 [INFO] vulnscan.audit: SCAN_COMPLETED job=7 target=10.4.26.230
2026-09-01 02:43:58,354 [INFO] vulnscan.audit: CORRELATION_COMPLETE job=7 findings=0
2026-09-01 02:44:58,978 [INFO] vulnscan.audit: REQUEST user=admin role=ADMIN method=GET path=/scanning/ status=200
2026-09-01 02:45:01,749 [INFO] vulnscan.audit: REQUEST user=admin role=ADMIN method=GET path=/scanning/ status=200
2026-09-01 02:45:02,504 [INFO] vulnscan.audit: REQUEST user=admin role=ADMIN method=GET path=/scanning/ status=200
2026-09-01 02:45:04,663 [INFO] vulnscan.audit: REQUEST user=admin role=ADMIN method=GET path=/scanning/jobs/7/ status=200
2026-09-01 02:45:05,474 [INFO] vulnscan.audit: REQUEST user=admin role=ADMIN method=GET path=/scanning/targets/5/trend/ status=200
2026-09-01 02:45:09,459 [INFO] vulnscan.audit: REQUEST user=admin role=ADMIN method=GET path=/accounts/manage/ status=200
2026-09-01 02:45:10,062 [INFO] vulnscan.audit: REQUEST user=admin role=ADMIN method=GET path=/reports/ status=200
2026-09-01 02:45:11,040 [INFO] vulnscan.audit: REQUEST user=admin role=ADMIN method=GET path=/vulnassess/ status=200
2026-09-01 02:45:14,782 [INFO] vulnscan.audit: REQUEST user=admin role=ADMIN method=GET path=/vulnassess/ status=200
2026-09-01 02:45:15,628 [INFO] vulnscan.audit: REQUEST user=admin role=ADMIN method=GET path=/vulnassess/ status=200
2026-09-01 02:45:17,530 [INFO] vulnscan.audit: REQUEST user=admin role=ADMIN method=GET path=/vulnassess/ status=200
2026-09-01 02:45:19,914 [INFO] vulnscan.audit: REQUEST user=admin role=ADMIN method=GET path=/ status=200
2026-09-01 02:45:21,078 [INFO] vulnscan.audit: REQUEST user=admin role=ADMIN method=GET path=/analytics/ status=200
2026-09-01 02:45:24,074 [INFO] vulnscan.audit: REQUEST user=admin role=ADMIN method=GET path=/analytics/ status=200
2026-09-01 02:45:24,827 [INFO] vulnscan.audit: REQUEST user=admin role=ADMIN method=GET path=/scanning/ status=200
2026-09-01 02:45:26,226 [INFO] vulnscan.audit: REQUEST user=admin role=ADMIN method=GET path=/vulnassess/ status=200
2026-09-01 02:47:52,051 [INFO] vulnscan.audit: REQUEST user=admin role=ADMIN method=GET path=/reports/ status=200
2026-09-01 02:47:52,824 [INFO] vulnscan.audit: REQUEST user=admin role=ADMIN method=GET path=/vulnassess/ status=200
2026-09-01 02:47:53,816 [INFO] vulnscan.audit: REQUEST user=admin role=ADMIN method=GET path=/scanning/ status=200
2026-09-01 02:47:54,747 [INFO] vulnscan.audit: REQUEST user=admin role=ADMIN method=GET path=/analytics/ status=200
2026-09-01 02:48:48,003 [INFO] vulnscan.audit: REQUEST user=admin role=ADMIN method=GET path=/ status=200
2026-09-01 02:48:58,509 [INFO] vulnscan.audit: REQUEST user=admin role=ADMIN method=GET path=/scanning/ status=200
2026-09-01 02:48:59,731 [INFO] vulnscan.audit: REQUEST user=admin role=ADMIN method=GET path=/scanning/jobs/7/ status=200
2026-09-01 02:49:55,323 [INFO] vulnscan.audit: REQUEST user=admin role=ADMIN method=GET path=/reports/ status=200
2026-09-01 02:49:56,119 [INFO] vulnscan.audit: REQUEST user=admin role=ADMIN method=GET path=/vulnassess/ status=200
2026-09-01 02:51:06,091 [ERROR] vulnscan.audit: SCAN_FAILED job=1 error=Nmap execution failed: 'Timeout from nmap process'
2026-09-01 02:51:06,092 [ERROR] vulnscan.audit: Unhandled error running scan job 1
Traceback (most recent call last):
  File "C:\Users\asus\Downloads\vulnscan_system (5)\vulnscan_system\.venv\Lib\site-packages\nmap\nmap.py", line 278, in scan
    (self._nmap_last_output, nmap_err) = p.communicate(timeout=timeout)
                                         ^^^^^^^^^^^^^^^^^^^^^^^^^^^^^^
  File "C:\Users\asus\AppData\Local\Programs\Python\Python312\Lib\subprocess.py", line 1211, in communicate
    stdout, stderr = self._communicate(input, endtime, timeout)
                     ^^^^^^^^^^^^^^^^^^^^^^^^^^^^^^^^^^^^^^^^^^
  File "C:\Users\asus\AppData\Local\Programs\Python\Python312\Lib\subprocess.py", line 1632, in _communicate
    raise TimeoutExpired(self.args, orig_timeout)
subprocess.TimeoutExpired: Command '['nmap', '-oX', '-', '192.168.0.0/16', '-sV', '-O', '--top-ports', '100']' timed out after 600 seconds

During handling of the above exception, another exception occurred:

Traceback (most recent call last):
  File "C:\Users\asus\Downloads\vulnscan_system (5)\vulnscan_system\scanning\engine.py", line 235, in run_nmap_scan
    scanner.scan(hosts=target, arguments=arguments, timeout=settings.SCAN_DEFAULT_TIMEOUT_SECONDS)
  File "C:\Users\asus\Downloads\vulnscan_system (5)\vulnscan_system\.venv\Lib\site-packages\nmap\nmap.py", line 281, in scan
    raise PortScannerTimeout("Timeout from nmap process")
nmap.nmap.PortScannerTimeout: 'Timeout from nmap process'

The above exception was the direct cause of the following exception:

Traceback (most recent call last):
  File "C:\Users\asus\Downloads\vulnscan_system (5)\vulnscan_system\scanning\views.py", line 81, in _run_job_safely
    execute_scan_job(job)
  File "C:\Users\asus\Downloads\vulnscan_system (5)\vulnscan_system\scanning\engine.py", line 306, in execute_scan_job
    nmap_results = run_nmap_scan(job.target.ip_or_cidr, job.nmap_arguments)
                   ^^^^^^^^^^^^^^^^^^^^^^^^^^^^^^^^^^^^^^^^^^^^^^^^^^^^^^^^
  File "C:\Users\asus\Downloads\vulnscan_system (5)\vulnscan_system\scanning\engine.py", line 237, in run_nmap_scan
    raise ScanExecutionError(f"Nmap execution failed: {exc}") from exc
scanning.engine.ScanExecutionError: Nmap execution failed: 'Timeout from nmap process'
2026-09-01 02:51:26,128 [ERROR] vulnscan.audit: SCAN_FAILED job=3 error=Nmap execution failed: 'Timeout from nmap process'
2026-09-01 02:51:26,129 [ERROR] vulnscan.audit: Unhandled error running scan job 3
Traceback (most recent call last):
  File "C:\Users\asus\Downloads\vulnscan_system (5)\vulnscan_system\.venv\Lib\site-packages\nmap\nmap.py", line 278, in scan
    (self._nmap_last_output, nmap_err) = p.communicate(timeout=timeout)
                                         ^^^^^^^^^^^^^^^^^^^^^^^^^^^^^^
  File "C:\Users\asus\AppData\Local\Programs\Python\Python312\Lib\subprocess.py", line 1211, in communicate
    stdout, stderr = self._communicate(input, endtime, timeout)
                     ^^^^^^^^^^^^^^^^^^^^^^^^^^^^^^^^^^^^^^^^^^
  File "C:\Users\asus\AppData\Local\Programs\Python\Python312\Lib\subprocess.py", line 1632, in _communicate
    raise TimeoutExpired(self.args, orig_timeout)
subprocess.TimeoutExpired: Command '['nmap', '-oX', '-', '192.168.0.0/16', '-sV', '-O', '--top-ports', '100']' timed out after 600 seconds

During handling of the above exception, another exception occurred:

Traceback (most recent call last):
  File "C:\Users\asus\Downloads\vulnscan_system (5)\vulnscan_system\scanning\engine.py", line 235, in run_nmap_scan
    scanner.scan(hosts=target, arguments=arguments, timeout=settings.SCAN_DEFAULT_TIMEOUT_SECONDS)
  File "C:\Users\asus\Downloads\vulnscan_system (5)\vulnscan_system\.venv\Lib\site-packages\nmap\nmap.py", line 281, in scan
    raise PortScannerTimeout("Timeout from nmap process")
nmap.nmap.PortScannerTimeout: 'Timeout from nmap process'

The above exception was the direct cause of the following exception:

Traceback (most recent call last):
  File "C:\Users\asus\Downloads\vulnscan_system (5)\vulnscan_system\scanning\views.py", line 81, in _run_job_safely
    execute_scan_job(job)
  File "C:\Users\asus\Downloads\vulnscan_system (5)\vulnscan_system\scanning\engine.py", line 306, in execute_scan_job
    nmap_results = run_nmap_scan(job.target.ip_or_cidr, job.nmap_arguments)
                   ^^^^^^^^^^^^^^^^^^^^^^^^^^^^^^^^^^^^^^^^^^^^^^^^^^^^^^^^
  File "C:\Users\asus\Downloads\vulnscan_system (5)\vulnscan_system\scanning\engine.py", line 237, in run_nmap_scan
    raise ScanExecutionError(f"Nmap execution failed: {exc}") from exc
scanning.engine.ScanExecutionError: Nmap execution failed: 'Timeout from nmap process'
2026-09-01 02:52:21,260 [INFO] vulnscan.audit: REQUEST user=admin role=ADMIN method=GET path=/vulnassess/ status=200
2026-09-01 02:53:04,671 [ERROR] vulnscan.audit: SCAN_FAILED job=4 error=Nmap execution failed: 'Timeout from nmap process'
2026-09-01 02:53:04,672 [ERROR] vulnscan.audit: Unhandled error running scan job 4
Traceback (most recent call last):
  File "C:\Users\asus\Downloads\vulnscan_system (5)\vulnscan_system\.venv\Lib\site-packages\nmap\nmap.py", line 278, in scan
    (self._nmap_last_output, nmap_err) = p.communicate(timeout=timeout)
                                         ^^^^^^^^^^^^^^^^^^^^^^^^^^^^^^
  File "C:\Users\asus\AppData\Local\Programs\Python\Python312\Lib\subprocess.py", line 1211, in communicate
    stdout, stderr = self._communicate(input, endtime, timeout)
                     ^^^^^^^^^^^^^^^^^^^^^^^^^^^^^^^^^^^^^^^^^^
  File "C:\Users\asus\AppData\Local\Programs\Python\Python312\Lib\subprocess.py", line 1632, in _communicate
    raise TimeoutExpired(self.args, orig_timeout)
subprocess.TimeoutExpired: Command '['nmap', '-oX', '-', '192.168.0.0/16', '-sV', '-O', '--top-ports', '100']' timed out after 600 seconds

During handling of the above exception, another exception occurred:

Traceback (most recent call last):
  File "C:\Users\asus\Downloads\vulnscan_system (5)\vulnscan_system\scanning\engine.py", line 235, in run_nmap_scan
    scanner.scan(hosts=target, arguments=arguments, timeout=settings.SCAN_DEFAULT_TIMEOUT_SECONDS)
  File "C:\Users\asus\Downloads\vulnscan_system (5)\vulnscan_system\.venv\Lib\site-packages\nmap\nmap.py", line 281, in scan
    raise PortScannerTimeout("Timeout from nmap process")
nmap.nmap.PortScannerTimeout: 'Timeout from nmap process'

The above exception was the direct cause of the following exception:

Traceback (most recent call last):
  File "C:\Users\asus\Downloads\vulnscan_system (5)\vulnscan_system\scanning\views.py", line 81, in _run_job_safely
    execute_scan_job(job)
  File "C:\Users\asus\Downloads\vulnscan_system (5)\vulnscan_system\scanning\engine.py", line 306, in execute_scan_job
    nmap_results = run_nmap_scan(job.target.ip_or_cidr, job.nmap_arguments)
                   ^^^^^^^^^^^^^^^^^^^^^^^^^^^^^^^^^^^^^^^^^^^^^^^^^^^^^^^^
  File "C:\Users\asus\Downloads\vulnscan_system (5)\vulnscan_system\scanning\engine.py", line 237, in run_nmap_scan
    raise ScanExecutionError(f"Nmap execution failed: {exc}") from exc
scanning.engine.ScanExecutionError: Nmap execution failed: 'Timeout from nmap process'
2026-09-01 02:53:14,818 [INFO] vulnscan.audit: REQUEST user=admin role=ADMIN method=GET path=/accounts/logs/ status=200
2026-09-01 02:53:38,313 [ERROR] vulnscan.audit: SCAN_FAILED job=5 error=Nmap execution failed: 'Timeout from nmap process'
2026-09-01 02:53:38,313 [ERROR] vulnscan.audit: Unhandled error running scan job 5
Traceback (most recent call last):
  File "C:\Users\asus\Downloads\vulnscan_system (5)\vulnscan_system\.venv\Lib\site-packages\nmap\nmap.py", line 278, in scan
    (self._nmap_last_output, nmap_err) = p.communicate(timeout=timeout)
                                         ^^^^^^^^^^^^^^^^^^^^^^^^^^^^^^
  File "C:\Users\asus\AppData\Local\Programs\Python\Python312\Lib\subprocess.py", line 1211, in communicate
    stdout, stderr = self._communicate(input, endtime, timeout)
                     ^^^^^^^^^^^^^^^^^^^^^^^^^^^^^^^^^^^^^^^^^^
  File "C:\Users\asus\AppData\Local\Programs\Python\Python312\Lib\subprocess.py", line 1632, in _communicate
    raise TimeoutExpired(self.args, orig_timeout)
subprocess.TimeoutExpired: Command '['nmap', '-oX', '-', '192.168.0.0/16', '-sV', '-O', '--top-ports', '100']' timed out after 600 seconds

During handling of the above exception, another exception occurred:

Traceback (most recent call last):
  File "C:\Users\asus\Downloads\vulnscan_system (5)\vulnscan_system\scanning\engine.py", line 235, in run_nmap_scan
    scanner.scan(hosts=target, arguments=arguments, timeout=settings.SCAN_DEFAULT_TIMEOUT_SECONDS)
  File "C:\Users\asus\Downloads\vulnscan_system (5)\vulnscan_system\.venv\Lib\site-packages\nmap\nmap.py", line 281, in scan
    raise PortScannerTimeout("Timeout from nmap process")
nmap.nmap.PortScannerTimeout: 'Timeout from nmap process'

The above exception was the direct cause of the following exception:

Traceback (most recent call last):
  File "C:\Users\asus\Downloads\vulnscan_system (5)\vulnscan_system\scanning\views.py", line 81, in _run_job_safely
    execute_scan_job(job)
  File "C:\Users\asus\Downloads\vulnscan_system (5)\vulnscan_system\scanning\engine.py", line 306, in execute_scan_job
    nmap_results = run_nmap_scan(job.target.ip_or_cidr, job.nmap_arguments)
                   ^^^^^^^^^^^^^^^^^^^^^^^^^^^^^^^^^^^^^^^^^^^^^^^^^^^^^^^^
  File "C:\Users\asus\Downloads\vulnscan_system (5)\vulnscan_system\scanning\engine.py", line 237, in run_nmap_scan
    raise ScanExecutionError(f"Nmap execution failed: {exc}") from exc
scanning.engine.ScanExecutionError: Nmap execution failed: 'Timeout from nmap process'
2026-09-17 04:38:36,713 [WARNING] vulnscan.audit: Failed login: username=admin ip=127.0.0.1
2026-09-17 04:39:20,328 [WARNING] vulnscan.audit: Failed login: username=admin ip=127.0.0.1
2026-09-17 05:08:04,678 [INFO] vulnscan.audit: Successful login: username=admin role=ADMIN ip=127.0.0.1
2026-09-17 05:08:04,679 [INFO] vulnscan.audit: REQUEST user=admin role=ADMIN method=POST path=/accounts/login/ status=302
2026-09-17 05:08:04,711 [INFO] vulnscan.audit: REQUEST user=admin role=ADMIN method=GET path=/ status=200
2026-09-17 05:08:06,975 [INFO] vulnscan.audit: REQUEST user=admin role=ADMIN method=GET path=/ status=200
2026-09-17 05:08:09,509 [INFO] vulnscan.audit: REQUEST user=admin role=ADMIN method=GET path=/analytics/ status=200
2026-09-17 05:08:42,733 [INFO] vulnscan.audit: Successful login: username=admin role=ADMIN ip=127.0.0.1
2026-09-17 05:08:42,734 [INFO] vulnscan.audit: REQUEST user=admin role=ADMIN method=POST path=/accounts/login/ status=302
2026-09-17 05:08:42,772 [INFO] vulnscan.audit: REQUEST user=admin role=ADMIN method=GET path=/ status=200
2026-09-17 05:08:49,877 [INFO] vulnscan.audit: REQUEST user=admin role=ADMIN method=GET path=/analytics/ status=200
2026-09-17 05:08:53,074 [INFO] vulnscan.audit: REQUEST user=admin role=ADMIN method=GET path=/analytics/ status=200
2026-09-17 05:08:54,369 [INFO] vulnscan.audit: REQUEST user=admin role=ADMIN method=GET path=/scanning/ status=200
2026-09-17 05:08:55,172 [INFO] vulnscan.audit: REQUEST user=admin role=ADMIN method=GET path=/analytics/ status=200
2026-09-17 05:08:55,851 [INFO] vulnscan.audit: REQUEST user=admin role=ADMIN method=GET path=/scanning/ status=200
2026-09-17 05:08:56,845 [INFO] vulnscan.audit: REQUEST user=admin role=ADMIN method=GET path=/vulnassess/ status=200
2026-09-17 05:08:57,766 [INFO] vulnscan.audit: REQUEST user=admin role=ADMIN method=GET path=/reports/ status=200
2026-09-17 05:08:58,822 [INFO] vulnscan.audit: REQUEST user=admin role=ADMIN method=GET path=/accounts/manage/ status=200
2026-09-17 05:09:00,270 [INFO] vulnscan.audit: REQUEST user=admin role=ADMIN method=GET path=/accounts/logs/ status=200
2026-09-17 05:09:03,293 [INFO] vulnscan.audit: REQUEST user=admin role=ADMIN method=GET path=/accounts/logs/ status=200
2026-09-17 05:09:03,806 [INFO] vulnscan.audit: REQUEST user=admin role=ADMIN method=GET path=/accounts/manage/ status=200
2026-09-17 05:09:04,646 [INFO] vulnscan.audit: REQUEST user=admin role=ADMIN method=GET path=/reports/ status=200
2026-09-17 05:09:05,920 [INFO] vulnscan.audit: REQUEST user=admin role=ADMIN method=GET path=/accounts/manage/ status=200
2026-09-17 05:09:06,165 [INFO] vulnscan.audit: REQUEST user=admin role=ADMIN method=GET path=/accounts/logs/ status=200
2026-09-17 05:09:07,220 [INFO] vulnscan.audit: REQUEST user=admin role=ADMIN method=GET path=/accounts/logs/ status=200
2026-09-17 05:09:07,625 [INFO] vulnscan.audit: REQUEST user=admin role=ADMIN method=GET path=/accounts/manage/ status=200
2026-09-17 05:09:08,459 [INFO] vulnscan.audit: REQUEST user=admin role=ADMIN method=GET path=/accounts/manage/1/ status=200
2026-09-17 05:09:11,983 [INFO] vulnscan.audit: REQUEST user=admin role=ADMIN method=POST path=/accounts/manage/1/ status=302
2026-09-17 05:09:12,003 [INFO] vulnscan.audit: REQUEST user=admin role=ADMIN method=GET path=/accounts/manage/ status=200
2026-09-17 05:09:16,774 [INFO] vulnscan.audit: REQUEST user=admin role=ADMIN method=GET path=/accounts/manage/1/ status=200
2026-09-17 05:09:21,459 [INFO] vulnscan.audit: REQUEST user=admin role=ADMIN method=GET path=/accounts/manage/ status=200
2026-09-17 05:09:23,141 [INFO] vulnscan.audit: REQUEST user=admin role=ADMIN method=GET path=/analytics/ status=200
2026-09-17 05:09:25,259 [INFO] vulnscan.audit: REQUEST user=admin role=ADMIN method=GET path=/ status=200
2026-09-17 05:09:27,230 [INFO] vulnscan.audit: REQUEST user=admin role=ADMIN method=GET path=/analytics/ status=200
2026-09-17 05:09:29,770 [INFO] vulnscan.audit: REQUEST user=admin role=ADMIN method=GET path=/accounts/manage/ status=200
2026-09-17 05:09:31,482 [INFO] vulnscan.audit: REQUEST user=admin role=ADMIN method=GET path=/vulnassess/ status=200
2026-09-17 05:09:31,985 [INFO] vulnscan.audit: REQUEST user=admin role=ADMIN method=GET path=/scanning/ status=200
2026-09-17 05:09:36,326 [INFO] vulnscan.audit: REQUEST user=admin role=ADMIN method=GET path=/scanning/targets/add/ status=200
2026-09-17 05:09:42,797 [INFO] vulnscan.audit: REQUEST user=admin role=ADMIN method=POST path=/scanning/targets/add/ status=302
2026-09-17 05:09:42,813 [INFO] vulnscan.audit: REQUEST user=admin role=ADMIN method=GET path=/scanning/ status=200
2026-09-17 05:09:44,656 [INFO] vulnscan.audit: REQUEST user=admin role=ADMIN method=POST path=/scanning/launch/ status=302
2026-09-17 05:09:44,692 [INFO] vulnscan.audit: REQUEST user=admin role=ADMIN method=GET path=/scanning/jobs/1/ status=200
2026-09-17 05:09:48,713 [INFO] vulnscan.audit: REQUEST user=admin role=ADMIN method=GET path=/scanning/jobs/1/status/ status=200
2026-09-17 05:09:51,783 [INFO] vulnscan.audit: SCAN_COMPLETED job=1 target=10.4.26.230
2026-09-17 05:09:51,785 [INFO] vulnscan.audit: CORRELATION_COMPLETE job=1 findings=0
2026-09-17 05:09:52,722 [INFO] vulnscan.audit: REQUEST user=admin role=ADMIN method=GET path=/scanning/jobs/1/status/ status=200
2026-09-17 05:09:53,650 [INFO] vulnscan.audit: REQUEST user=admin role=ADMIN method=GET path=/scanning/jobs/1/ status=200
2026-09-17 05:09:55,888 [INFO] vulnscan.audit: REQUEST user=admin role=ADMIN method=GET path=/scanning/ status=200
2026-09-17 05:09:57,527 [INFO] vulnscan.audit: REQUEST user=admin role=ADMIN method=GET path=/scanning/targets/add/ status=200
2026-09-17 05:10:06,210 [INFO] vulnscan.audit: REQUEST user=admin role=ADMIN method=POST path=/scanning/targets/add/ status=302
2026-09-17 05:10:06,226 [INFO] vulnscan.audit: REQUEST user=admin role=ADMIN method=GET path=/scanning/ status=200
2026-09-17 05:10:11,288 [INFO] vulnscan.audit: REQUEST user=admin role=ADMIN method=POST path=/scanning/launch/ status=302
2026-09-17 05:10:11,531 [INFO] vulnscan.audit: REQUEST user=admin role=ADMIN method=GET path=/scanning/jobs/2/ status=200
2026-09-17 05:10:15,551 [INFO] vulnscan.audit: REQUEST user=admin role=ADMIN method=GET path=/scanning/jobs/2/status/ status=200
2026-09-17 05:10:19,564 [INFO] vulnscan.audit: REQUEST user=admin role=ADMIN method=GET path=/scanning/jobs/2/status/ status=200
2026-09-17 05:10:23,580 [INFO] vulnscan.audit: REQUEST user=admin role=ADMIN method=GET path=/scanning/jobs/2/status/ status=200
2026-09-17 05:10:25,631 [INFO] vulnscan.audit: SCAN_COMPLETED job=2 target=192.168.1.6
2026-09-17 05:10:25,645 [INFO] vulnscan.audit: CORRELATION_COMPLETE job=2 findings=1
2026-09-17 05:10:27,592 [INFO] vulnscan.audit: REQUEST user=admin role=ADMIN method=GET path=/scanning/jobs/2/status/ status=200
2026-09-17 05:10:28,520 [INFO] vulnscan.audit: REQUEST user=admin role=ADMIN method=GET path=/scanning/jobs/2/ status=200
2026-09-17 05:10:35,251 [INFO] vulnscan.audit: REQUEST user=admin role=ADMIN method=GET path=/scanning/targets/2/trend/ status=200
2026-09-17 05:10:38,246 [INFO] vulnscan.audit: REQUEST user=admin role=ADMIN method=GET path=/vulnassess/ status=200
2026-09-17 05:10:41,331 [INFO] vulnscan.audit: REQUEST user=admin role=ADMIN method=GET path=/scanning/ status=200
2026-09-17 05:10:43,000 [INFO] vulnscan.audit: REQUEST user=admin role=ADMIN method=GET path=/scanning/jobs/1/ status=200
2026-09-17 05:10:43,744 [INFO] vulnscan.audit: REQUEST user=admin role=ADMIN method=GET path=/scanning/targets/1/trend/ status=200
2026-09-17 05:10:45,241 [INFO] vulnscan.audit: REQUEST user=admin role=ADMIN method=GET path=/vulnassess/ status=200
2026-09-17 05:10:47,729 [INFO] vulnscan.audit: REQUEST user=admin role=ADMIN method=GET path=/reports/ status=200
2026-09-17 05:10:49,396 [INFO] vulnscan.audit: REQUEST user=admin role=ADMIN method=GET path=/accounts/manage/ status=200
2026-09-17 05:10:50,771 [INFO] vulnscan.audit: REQUEST user=admin role=ADMIN method=GET path=/accounts/logs/ status=200
2026-09-17 05:10:52,061 [INFO] vulnscan.audit: REQUEST user=admin role=ADMIN method=GET path=/vulnassess/ status=200
2026-09-17 05:10:53,384 [INFO] vulnscan.audit: REQUEST user=admin role=ADMIN method=GET path=/vulnassess/1/ status=200
2026-09-17 05:10:55,966 [INFO] vulnscan.audit: REQUEST user=admin role=ADMIN method=GET path=/reports/ status=200
2026-09-17 05:11:01,692 [INFO] vulnscan.audit: REQUEST user=admin role=ADMIN method=GET path=/vulnassess/ status=200
2026-09-17 05:11:02,747 [INFO] vulnscan.audit: REQUEST user=admin role=ADMIN method=GET path=/vulnassess/1/ status=200
2026-09-17 05:11:04,425 [INFO] vulnscan.audit: REQUEST user=admin role=ADMIN method=GET path=/vulnassess/ status=200
2026-09-17 05:11:06,854 [INFO] vulnscan.audit: REQUEST user=admin role=ADMIN method=GET path=/scanning/ status=200
2026-09-17 05:11:07,921 [INFO] vulnscan.audit: REQUEST user=admin role=ADMIN method=GET path=/scanning/jobs/2/ status=200
2026-09-17 05:11:11,474 [INFO] vulnscan.audit: REQUEST user=admin role=ADMIN method=GET path=/reports/generate/2/pdf/ status=302
2026-09-17 05:11:11,488 [INFO] vulnscan.audit: REQUEST user=admin role=ADMIN method=GET path=/reports/ status=200
2026-09-17 05:11:14,673 [INFO] vulnscan.audit: REQUEST user=admin role=ADMIN method=GET path=/reports/ status=200
2026-09-17 05:11:23,428 [INFO] vulnscan.audit: REQUEST user=admin role=ADMIN method=GET path=/ status=200
2026-09-17 05:13:24,206 [INFO] vulnscan.audit: REQUEST user=admin role=ADMIN method=GET path=/ status=200
2026-09-17 05:13:25,132 [INFO] vulnscan.audit: REQUEST user=admin role=ADMIN method=GET path=/ status=200
2026-09-17 05:13:25,750 [INFO] vulnscan.audit: REQUEST user=admin role=ADMIN method=GET path=/ status=200
2026-09-17 05:13:25,990 [INFO] vulnscan.audit: REQUEST user=admin role=ADMIN method=GET path=/ status=200
2026-09-17 05:13:26,289 [INFO] vulnscan.audit: REQUEST user=admin role=ADMIN method=GET path=/ status=200
2026-09-17 05:14:37,588 [INFO] vulnscan.audit: REQUEST user=admin role=ADMIN method=GET path=/ status=200
2026-09-17 05:14:38,456 [INFO] vulnscan.audit: REQUEST user=admin role=ADMIN method=GET path=/ status=200
2026-09-17 05:14:40,477 [INFO] vulnscan.audit: REQUEST user=admin role=ADMIN method=GET path=/ status=200
2026-09-17 05:14:40,665 [INFO] vulnscan.audit: REQUEST user=admin role=ADMIN method=GET path=/ status=200
2026-09-17 05:14:40,814 [INFO] vulnscan.audit: REQUEST user=admin role=ADMIN method=GET path=/ status=200
2026-09-17 05:14:40,982 [INFO] vulnscan.audit: REQUEST user=admin role=ADMIN method=GET path=/ status=200
2026-09-17 05:14:41,147 [INFO] vulnscan.audit: REQUEST user=admin role=ADMIN method=GET path=/ status=200
2026-09-17 05:14:41,292 [INFO] vulnscan.audit: REQUEST user=admin role=ADMIN method=GET path=/ status=200
2026-09-17 05:14:41,459 [INFO] vulnscan.audit: REQUEST user=admin role=ADMIN method=GET path=/ status=200
2026-09-17 05:14:41,623 [INFO] vulnscan.audit: REQUEST user=admin role=ADMIN method=GET path=/ status=200
2026-09-17 05:14:41,764 [INFO] vulnscan.audit: REQUEST user=admin role=ADMIN method=GET path=/ status=200
2026-09-17 05:14:50,177 [INFO] vulnscan.audit: REQUEST user=admin role=ADMIN method=GET path=/ status=200
2026-09-17 05:14:51,053 [INFO] vulnscan.audit: REQUEST user=admin role=ADMIN method=GET path=/ status=200
2026-09-17 05:15:07,006 [INFO] vulnscan.audit: REQUEST user=admin role=ADMIN method=GET path=/ status=200
2026-09-17 05:15:08,181 [INFO] vulnscan.audit: User logout: username=admin ip=127.0.0.1
2026-09-17 05:15:11,228 [INFO] vulnscan.audit: Successful login: username=admin role=ADMIN ip=127.0.0.1
2026-09-17 05:15:11,229 [INFO] vulnscan.audit: REQUEST user=admin role=ADMIN method=POST path=/accounts/login/ status=302
2026-09-17 05:15:11,271 [INFO] vulnscan.audit: REQUEST user=admin role=ADMIN method=GET path=/ status=200
2026-09-17 05:16:29,901 [INFO] vulnscan.audit: REQUEST user=admin role=ADMIN method=GET path=/ status=200
2026-09-17 05:16:37,670 [INFO] vulnscan.audit: REQUEST user=admin role=ADMIN method=GET path=/analytics/ status=200
2026-09-17 05:16:41,904 [INFO] vulnscan.audit: REQUEST user=admin role=ADMIN method=GET path=/scanning/ status=200
2026-09-17 05:50:46,439 [INFO] vulnscan.audit: Successful login: username=admin role=ADMIN ip=127.0.0.1
2026-09-17 05:50:46,445 [INFO] vulnscan.audit: REQUEST user=admin role=ADMIN method=POST path=/accounts/login/ status=302
2026-09-17 05:50:46,578 [INFO] vulnscan.audit: REQUEST user=admin role=ADMIN method=GET path=/ status=200
2026-09-17 05:50:48,064 [INFO] vulnscan.audit: REQUEST user=admin role=ADMIN method=GET path=/accounts/logs/ status=200
2026-09-17 05:50:48,745 [INFO] vulnscan.audit: REQUEST user=admin role=ADMIN method=GET path=/accounts/manage/ status=200
2026-09-17 05:50:50,035 [INFO] vulnscan.audit: REQUEST user=admin role=ADMIN method=GET path=/accounts/manage/1/ status=200
2026-09-17 05:57:48,474 [INFO] vulnscan.audit: REQUEST user=admin role=ADMIN method=GET path=/scanning/ status=200
2026-09-17 05:57:55,918 [INFO] vulnscan.audit: REQUEST user=admin role=ADMIN method=GET path=/scanning/targets/add/ status=200
2026-09-17 05:58:05,633 [INFO] vulnscan.audit: REQUEST user=admin role=ADMIN method=POST path=/scanning/targets/add/ status=302
2026-09-17 05:58:05,669 [INFO] vulnscan.audit: REQUEST user=admin role=ADMIN method=GET path=/scanning/ status=200
2026-09-17 05:58:08,695 [INFO] vulnscan.audit: REQUEST user=admin role=ADMIN method=POST path=/scanning/launch/ status=302
2026-09-17 05:58:08,757 [INFO] vulnscan.audit: REQUEST user=admin role=ADMIN method=GET path=/scanning/jobs/3/ status=200
2026-09-17 05:58:13,772 [INFO] vulnscan.audit: REQUEST user=admin role=ADMIN method=GET path=/scanning/jobs/3/status/ status=200
2026-09-17 05:58:18,775 [INFO] vulnscan.audit: REQUEST user=admin role=ADMIN method=GET path=/scanning/jobs/3/status/ status=200
2026-09-17 05:58:23,761 [INFO] vulnscan.audit: REQUEST user=admin role=ADMIN method=GET path=/scanning/jobs/3/status/ status=200
2026-09-17 05:58:28,773 [INFO] vulnscan.audit: REQUEST user=admin role=ADMIN method=GET path=/scanning/jobs/3/status/ status=200
2026-09-17 05:58:33,622 [INFO] vulnscan.audit: REQUEST user=admin role=ADMIN method=GET path=/scanning/jobs/3/status/ status=200
2026-09-17 05:58:37,635 [INFO] vulnscan.audit: REQUEST user=admin role=ADMIN method=GET path=/scanning/jobs/3/status/ status=200
2026-09-17 05:58:41,650 [INFO] vulnscan.audit: REQUEST user=admin role=ADMIN method=GET path=/scanning/jobs/3/status/ status=200
2026-09-17 05:58:45,776 [INFO] vulnscan.audit: REQUEST user=admin role=ADMIN method=GET path=/scanning/jobs/3/status/ status=200
2026-09-17 05:58:50,768 [INFO] vulnscan.audit: REQUEST user=admin role=ADMIN method=GET path=/scanning/jobs/3/status/ status=200
2026-09-17 05:58:55,763 [INFO] vulnscan.audit: REQUEST user=admin role=ADMIN method=GET path=/scanning/jobs/3/status/ status=200
2026-09-17 05:59:00,771 [INFO] vulnscan.audit: REQUEST user=admin role=ADMIN method=GET path=/scanning/jobs/3/status/ status=200
2026-09-17 05:59:05,761 [INFO] vulnscan.audit: REQUEST user=admin role=ADMIN method=GET path=/scanning/jobs/3/status/ status=200
2026-09-17 05:59:10,764 [INFO] vulnscan.audit: REQUEST user=admin role=ADMIN method=GET path=/scanning/jobs/3/status/ status=200
2026-09-17 05:59:15,774 [INFO] vulnscan.audit: REQUEST user=admin role=ADMIN method=GET path=/scanning/jobs/3/status/ status=200
2026-09-17 05:59:20,768 [INFO] vulnscan.audit: REQUEST user=admin role=ADMIN method=GET path=/scanning/jobs/3/status/ status=200
2026-09-17 05:59:25,768 [INFO] vulnscan.audit: REQUEST user=admin role=ADMIN method=GET path=/scanning/jobs/3/status/ status=200
2026-09-17 05:59:30,766 [INFO] vulnscan.audit: REQUEST user=admin role=ADMIN method=GET path=/scanning/jobs/3/status/ status=200
2026-09-17 05:59:35,775 [INFO] vulnscan.audit: REQUEST user=admin role=ADMIN method=GET path=/scanning/jobs/3/status/ status=200
2026-09-17 05:59:40,774 [INFO] vulnscan.audit: REQUEST user=admin role=ADMIN method=GET path=/scanning/jobs/3/status/ status=200
2026-09-17 05:59:45,762 [INFO] vulnscan.audit: REQUEST user=admin role=ADMIN method=GET path=/scanning/jobs/3/status/ status=200
2026-09-17 05:59:50,776 [INFO] vulnscan.audit: REQUEST user=admin role=ADMIN method=GET path=/scanning/jobs/3/status/ status=200
2026-09-17 05:59:55,765 [INFO] vulnscan.audit: REQUEST user=admin role=ADMIN method=GET path=/scanning/jobs/3/status/ status=200
2026-09-17 06:00:00,762 [INFO] vulnscan.audit: REQUEST user=admin role=ADMIN method=GET path=/scanning/jobs/3/status/ status=200
2026-09-17 06:00:05,771 [INFO] vulnscan.audit: REQUEST user=admin role=ADMIN method=GET path=/scanning/jobs/3/status/ status=200
2026-09-17 06:00:10,774 [INFO] vulnscan.audit: REQUEST user=admin role=ADMIN method=GET path=/scanning/jobs/3/status/ status=200
2026-09-17 06:00:15,774 [INFO] vulnscan.audit: REQUEST user=admin role=ADMIN method=GET path=/scanning/jobs/3/status/ status=200
2026-09-17 06:00:20,764 [INFO] vulnscan.audit: REQUEST user=admin role=ADMIN method=GET path=/scanning/jobs/3/status/ status=200
2026-09-17 06:00:25,763 [INFO] vulnscan.audit: REQUEST user=admin role=ADMIN method=GET path=/scanning/jobs/3/status/ status=200
2026-09-17 06:00:30,763 [INFO] vulnscan.audit: REQUEST user=admin role=ADMIN method=GET path=/scanning/jobs/3/status/ status=200
2026-09-17 06:00:35,769 [INFO] vulnscan.audit: REQUEST user=admin role=ADMIN method=GET path=/scanning/jobs/3/status/ status=200
2026-09-17 06:00:40,763 [INFO] vulnscan.audit: REQUEST user=admin role=ADMIN method=GET path=/scanning/jobs/3/status/ status=200
2026-09-17 06:00:41,199 [INFO] vulnscan.audit: SCAN_COMPLETED job=3 target=192.168.1.1
2026-09-17 06:00:41,208 [INFO] vulnscan.audit: CORRELATION_COMPLETE job=3 findings=0
2026-09-17 06:00:45,773 [INFO] vulnscan.audit: REQUEST user=admin role=ADMIN method=GET path=/scanning/jobs/3/status/ status=200
2026-09-17 06:00:46,806 [INFO] vulnscan.audit: REQUEST user=admin role=ADMIN method=GET path=/scanning/jobs/3/ status=200
2026-09-17 06:02:19,030 [INFO] vulnscan.audit: REQUEST user=admin role=ADMIN method=GET path=/analytics/ status=200
2026-09-17 06:02:19,980 [INFO] vulnscan.audit: REQUEST user=admin role=ADMIN method=GET path=/scanning/ status=200
2026-09-17 06:02:24,338 [INFO] vulnscan.audit: REQUEST user=admin role=ADMIN method=GET path=/scanning/targets/add/ status=200
2026-09-17 06:02:30,478 [INFO] vulnscan.audit: REQUEST user=admin role=ADMIN method=GET path=/scanning/targets/add/ status=200
2026-09-17 06:04:37,373 [INFO] vulnscan.audit: REQUEST user=admin role=ADMIN method=GET path=/accounts/logs/ status=200
2026-09-17 06:09:11,071 [INFO] vulnscan.audit: REQUEST user=admin role=ADMIN method=GET path=/reports/ status=200
2026-09-17 06:09:13,784 [INFO] vulnscan.audit: REQUEST user=admin role=ADMIN method=GET path=/scanning/ status=200
2026-09-17 06:09:15,027 [INFO] vulnscan.audit: REQUEST user=admin role=ADMIN method=GET path=/scanning/jobs/2/ status=200
2026-09-17 06:09:18,035 [INFO] vulnscan.audit: REQUEST user=admin role=ADMIN method=GET path=/reports/generate/2/pdf/ status=302
2026-09-17 06:09:18,056 [INFO] vulnscan.audit: REQUEST user=admin role=ADMIN method=GET path=/reports/ status=200
2026-09-17 06:09:18,774 [INFO] vulnscan.audit: REQUEST user=admin role=ADMIN method=GET path=/analytics/ status=200
2026-09-17 06:09:19,792 [INFO] vulnscan.audit: REQUEST user=admin role=ADMIN method=GET path=/scanning/ status=200
2026-09-17 06:09:21,377 [INFO] vulnscan.audit: REQUEST user=admin role=ADMIN method=GET path=/scanning/jobs/1/ status=200
2026-09-17 06:09:25,011 [INFO] vulnscan.audit: REQUEST user=admin role=ADMIN method=GET path=/reports/generate/1/pdf/ status=302
2026-09-17 06:09:25,021 [INFO] vulnscan.audit: REQUEST user=admin role=ADMIN method=GET path=/reports/ status=200
2026-09-17 06:09:25,986 [INFO] vulnscan.audit: REQUEST user=admin role=ADMIN method=GET path=/scanning/ status=200
2026-09-17 06:09:29,505 [INFO] vulnscan.audit: REQUEST user=admin role=ADMIN method=GET path=/scanning/targets/add/ status=200
2026-09-17 06:09:35,048 [INFO] vulnscan.audit: REQUEST user=admin role=ADMIN method=POST path=/scanning/targets/add/ status=302
2026-09-17 06:09:35,062 [INFO] vulnscan.audit: REQUEST user=admin role=ADMIN method=GET path=/scanning/ status=200
2026-09-17 06:09:36,525 [INFO] vulnscan.audit: REQUEST user=admin role=ADMIN method=POST path=/scanning/launch/ status=302
2026-09-17 06:09:36,546 [INFO] vulnscan.audit: REQUEST user=admin role=ADMIN method=GET path=/scanning/jobs/4/ status=200
2026-09-17 06:09:40,387 [INFO] vulnscan.audit: REQUEST user=admin role=ADMIN method=GET path=/scanning/ status=200
2026-09-17 06:09:40,441 [INFO] vulnscan.audit: SCAN_COMPLETED job=4 target=10.4.26.230
2026-09-17 06:09:40,446 [INFO] vulnscan.audit: CORRELATION_COMPLETE job=4 findings=0
2026-09-17 06:09:43,600 [INFO] vulnscan.audit: REQUEST user=admin role=ADMIN method=GET path=/scanning/jobs/4/ status=200
2026-09-17 06:09:45,371 [INFO] vulnscan.audit: REQUEST user=admin role=ADMIN method=GET path=/analytics/ status=200
2026-09-17 06:09:46,264 [INFO] vulnscan.audit: REQUEST user=admin role=ADMIN method=GET path=/scanning/ status=200
2026-09-17 06:09:47,818 [INFO] vulnscan.audit: REQUEST user=admin role=ADMIN method=GET path=/scanning/jobs/4/ status=200
2026-09-17 06:09:51,163 [INFO] vulnscan.audit: REQUEST user=admin role=ADMIN method=GET path=/reports/generate/4/pdf/ status=302
2026-09-17 06:09:51,177 [INFO] vulnscan.audit: REQUEST user=admin role=ADMIN method=GET path=/reports/ status=200
2026-09-17 06:09:52,785 [INFO] vulnscan.audit: REQUEST user=admin role=ADMIN method=GET path=/reports/ status=200
2026-09-17 06:09:57,337 [INFO] vulnscan.audit: REQUEST user=admin role=ADMIN method=GET path=/analytics/ status=200
2026-09-17 06:09:58,653 [INFO] vulnscan.audit: REQUEST user=admin role=ADMIN method=GET path=/scanning/ status=200
2026-09-17 06:10:00,301 [INFO] vulnscan.audit: REQUEST user=admin role=ADMIN method=GET path=/scanning/jobs/4/ status=200
2026-09-17 06:10:01,019 [INFO] vulnscan.audit: REQUEST user=admin role=ADMIN method=GET path=/reports/generate/4/csv/ status=302
2026-09-17 06:10:01,032 [INFO] vulnscan.audit: REQUEST user=admin role=ADMIN method=GET path=/reports/ status=200
2026-09-17 06:10:04,488 [INFO] vulnscan.audit: REQUEST user=admin role=ADMIN method=GET path=/reports/ status=200
2026-09-17 08:38:24,400 [INFO] vulnscan.audit: Successful login: username=admin role=ADMIN ip=127.0.0.1
2026-09-17 08:38:24,402 [INFO] vulnscan.audit: REQUEST user=admin role=ADMIN method=POST path=/accounts/login/ status=302
2026-09-17 08:38:24,570 [INFO] vulnscan.audit: REQUEST user=admin role=ADMIN method=GET path=/ status=200
2026-09-17 08:38:29,473 [INFO] vulnscan.audit: REQUEST user=admin role=ADMIN method=GET path=/analytics/ status=200
2026-09-17 08:38:37,655 [INFO] vulnscan.audit: REQUEST user=admin role=ADMIN method=GET path=/ status=200
2026-09-17 08:38:39,181 [INFO] vulnscan.audit: REQUEST user=admin role=ADMIN method=GET path=/analytics/ status=200
2026-09-17 08:38:40,368 [INFO] vulnscan.audit: REQUEST user=admin role=ADMIN method=GET path=/scanning/ status=200
2026-09-17 08:38:42,035 [INFO] vulnscan.audit: REQUEST user=admin role=ADMIN method=GET path=/ status=200
2026-09-17 08:41:14,001 [INFO] vulnscan.audit: REQUEST user=admin role=ADMIN method=GET path=/ status=200
2026-09-17 08:41:15,955 [INFO] vulnscan.audit: REQUEST user=admin role=ADMIN method=GET path=/ status=200
2026-09-17 08:41:16,820 [INFO] vulnscan.audit: REQUEST user=admin role=ADMIN method=GET path=/ status=200
2026-09-17 08:41:20,091 [INFO] vulnscan.audit: REQUEST user=admin role=ADMIN method=GET path=/analytics/ status=200
2026-09-17 08:41:21,879 [INFO] vulnscan.audit: REQUEST user=admin role=ADMIN method=GET path=/ status=200
2026-09-17 08:42:01,395 [INFO] vulnscan.audit: REQUEST user=admin role=ADMIN method=GET path=/scanning/ status=200
2026-09-17 08:42:05,341 [INFO] vulnscan.audit: REQUEST user=admin role=ADMIN method=GET path=/scanning/targets/add/ status=200
2026-09-17 08:42:48,535 [INFO] vulnscan.audit: REQUEST user=admin role=ADMIN method=POST path=/scanning/targets/add/ status=302
2026-09-17 08:42:48,566 [INFO] vulnscan.audit: REQUEST user=admin role=ADMIN method=GET path=/scanning/ status=200
2026-09-17 08:42:57,662 [INFO] vulnscan.audit: REQUEST user=admin role=ADMIN method=POST path=/scanning/launch/ status=302
2026-09-17 08:42:57,709 [INFO] vulnscan.audit: REQUEST user=admin role=ADMIN method=GET path=/scanning/jobs/5/ status=200
2026-09-17 08:43:01,165 [INFO] vulnscan.audit: REQUEST user=admin role=ADMIN method=GET path=/ status=200
2026-09-17 08:43:05,170 [INFO] vulnscan.audit: REQUEST user=admin role=ADMIN method=GET path=/accounts/logs/ status=200
2026-09-17 08:43:07,360 [INFO] vulnscan.audit: REQUEST user=admin role=ADMIN method=GET path=/scanning/ status=200
2026-09-17 08:43:09,271 [INFO] vulnscan.audit: REQUEST user=admin role=ADMIN method=GET path=/scanning/jobs/5/ status=200
2026-09-17 08:43:13,297 [INFO] vulnscan.audit: REQUEST user=admin role=ADMIN method=GET path=/scanning/jobs/5/status/ status=200
2026-09-17 08:43:14,481 [INFO] vulnscan.audit: SCAN_COMPLETED job=5 target=10.132.4.233
2026-09-17 08:43:14,497 [INFO] vulnscan.audit: CORRELATION_COMPLETE job=5 findings=1
2026-09-17 08:43:15,094 [INFO] vulnscan.audit: REQUEST user=admin role=ADMIN method=GET path=/scanning/jobs/5/ status=200
2026-09-17 08:43:18,471 [INFO] vulnscan.audit: REQUEST user=admin role=ADMIN method=GET path=/scanning/targets/5/trend/ status=200
2026-09-17 08:43:23,527 [INFO] vulnscan.audit: REQUEST user=admin role=ADMIN method=GET path=/accounts/logs/ status=200
2026-09-17 08:43:24,876 [INFO] vulnscan.audit: REQUEST user=admin role=ADMIN method=GET path=/reports/ status=200
2026-09-17 08:43:26,473 [INFO] vulnscan.audit: REQUEST user=admin role=ADMIN method=GET path=/accounts/manage/ status=200
2026-09-17 08:43:28,114 [INFO] vulnscan.audit: REQUEST user=admin role=ADMIN method=GET path=/accounts/logs/ status=200
2026-09-17 08:43:30,888 [INFO] vulnscan.audit: REQUEST user=admin role=ADMIN method=GET path=/reports/ status=200
2026-09-17 08:43:33,112 [INFO] vulnscan.audit: REQUEST user=admin role=ADMIN method=GET path=/vulnassess/ status=200
2026-09-17 08:43:36,740 [INFO] vulnscan.audit: REQUEST user=admin role=ADMIN method=GET path=/vulnassess/ status=200
2026-09-17 08:43:37,996 [INFO] vulnscan.audit: REQUEST user=admin role=ADMIN method=GET path=/scanning/ status=200
2026-09-17 08:43:40,547 [INFO] vulnscan.audit: REQUEST user=admin role=ADMIN method=GET path=/scanning/jobs/5/ status=200
2026-09-17 08:43:46,797 [INFO] vulnscan.audit: REQUEST user=admin role=ADMIN method=GET path=/reports/generate/5/pdf/ status=302
2026-09-17 08:43:46,814 [INFO] vulnscan.audit: REQUEST user=admin role=ADMIN method=GET path=/reports/ status=200
2026-09-17 08:44:07,653 [INFO] vulnscan.audit: REQUEST user=admin role=ADMIN method=GET path=/ status=200
2026-09-17 08:44:22,998 [INFO] vulnscan.audit: REQUEST user=admin role=ADMIN method=GET path=/analytics/ status=200
2026-09-17 08:44:25,115 [INFO] vulnscan.audit: REQUEST user=admin role=ADMIN method=GET path=/scanning/ status=200
2026-09-17 08:44:26,889 [INFO] vulnscan.audit: REQUEST user=admin role=ADMIN method=GET path=/scanning/targets/add/ status=200
2026-09-17 08:44:40,756 [INFO] vulnscan.audit: REQUEST user=admin role=ADMIN method=POST path=/scanning/targets/add/ status=200
2026-09-17 08:44:51,040 [INFO] vulnscan.audit: REQUEST user=admin role=ADMIN method=POST path=/scanning/targets/add/ status=302
2026-09-17 08:44:51,060 [INFO] vulnscan.audit: REQUEST user=admin role=ADMIN method=GET path=/scanning/ status=200
2026-09-17 08:44:55,420 [INFO] vulnscan.audit: REQUEST user=admin role=ADMIN method=POST path=/scanning/launch/ status=302
2026-09-17 08:44:55,440 [INFO] vulnscan.audit: REQUEST user=admin role=ADMIN method=GET path=/scanning/jobs/6/ status=200
2026-09-17 08:44:59,317 [INFO] vulnscan.audit: SCAN_COMPLETED job=6 target=10.1.0.1
2026-09-17 08:44:59,320 [INFO] vulnscan.audit: CORRELATION_COMPLETE job=6 findings=0
2026-09-17 08:44:59,487 [INFO] vulnscan.audit: REQUEST user=admin role=ADMIN method=GET path=/scanning/jobs/6/status/ status=200
2026-09-17 08:45:00,427 [INFO] vulnscan.audit: REQUEST user=admin role=ADMIN method=GET path=/scanning/jobs/6/ status=200
2026-09-17 08:45:05,456 [INFO] vulnscan.audit: REQUEST user=admin role=ADMIN method=GET path=/scanning/targets/6/trend/ status=200
2026-09-17 08:45:10,245 [INFO] vulnscan.audit: REQUEST user=admin role=ADMIN method=GET path=/ status=200
2026-09-17 08:45:43,400 [INFO] vulnscan.audit: REQUEST user=admin role=ADMIN method=GET path=/ status=200
2026-09-17 08:47:33,388 [INFO] vulnscan.audit: REQUEST user=admin role=ADMIN method=GET path=/analytics/ status=200
2026-09-17 08:48:05,819 [INFO] vulnscan.audit: REQUEST user=admin role=ADMIN method=GET path=/vulnassess/ status=200
2026-09-17 08:48:06,921 [INFO] vulnscan.audit: REQUEST user=admin role=ADMIN method=GET path=/accounts/manage/ status=200
2026-09-17 08:48:09,644 [INFO] vulnscan.audit: REQUEST user=admin role=ADMIN method=GET path=/accounts/manage/ status=200
2026-09-17 08:48:10,581 [INFO] vulnscan.audit: REQUEST user=admin role=ADMIN method=GET path=/accounts/logs/ status=200
2026-09-17 08:48:12,595 [INFO] vulnscan.audit: User logout: username=admin ip=127.0.0.1
2026-09-17 08:48:52,776 [INFO] vulnscan.audit: User registered: username=Prince role=VIEWER ip=127.0.0.1
2026-09-17 08:49:07,445 [INFO] vulnscan.audit: Successful login: username=Prince role=VIEWER ip=127.0.0.1
2026-09-17 08:49:07,446 [INFO] vulnscan.audit: REQUEST user=Prince role=VIEWER method=POST path=/accounts/login/ status=302
2026-09-17 08:49:07,475 [INFO] vulnscan.audit: REQUEST user=Prince role=VIEWER method=GET path=/ status=200
2026-09-17 08:49:19,205 [INFO] vulnscan.audit: REQUEST user=Prince role=VIEWER method=GET path=/analytics/ status=200
2026-09-17 08:49:30,254 [INFO] vulnscan.audit: REQUEST user=Prince role=VIEWER method=GET path=/analytics/ status=200
2026-09-17 08:49:40,416 [INFO] vulnscan.audit: REQUEST user=Prince role=VIEWER method=GET path=/reports/ status=200
2026-09-17 08:49:54,540 [INFO] vulnscan.audit: REQUEST user=Prince role=VIEWER method=GET path=/ status=200
2026-09-17 08:50:04,699 [INFO] vulnscan.audit: REQUEST user=Prince role=VIEWER method=GET path=/reports/ status=200
2026-09-17 08:50:06,210 [INFO] vulnscan.audit: User logout: username=Prince ip=127.0.0.1
2026-09-17 08:51:39,984 [INFO] vulnscan.audit: Successful login: username=admin role=ADMIN ip=127.0.0.1
2026-09-17 08:51:39,988 [INFO] vulnscan.audit: REQUEST user=admin role=ADMIN method=POST path=/accounts/login/ status=302
2026-09-17 08:51:40,084 [INFO] vulnscan.audit: REQUEST user=admin role=ADMIN method=GET path=/ status=200
2026-09-17 08:51:58,184 [INFO] vulnscan.audit: REQUEST user=admin role=ADMIN method=GET path=/accounts/logs/ status=200
2026-09-17 08:51:59,248 [INFO] vulnscan.audit: REQUEST user=admin role=ADMIN method=GET path=/accounts/manage/ status=200
2026-09-17 08:52:01,585 [INFO] vulnscan.audit: REQUEST user=admin role=ADMIN method=GET path=/accounts/manage/2/ status=200
2026-09-17 09:07:56,667 [INFO] vulnscan.audit: REQUEST user=admin role=ADMIN method=GET path=/accounts/logs/ status=200
2026-09-17 09:07:57,558 [INFO] vulnscan.audit: REQUEST user=admin role=ADMIN method=GET path=/accounts/manage/ status=200
2026-09-17 09:08:00,322 [INFO] vulnscan.audit: REQUEST user=admin role=ADMIN method=GET path=/accounts/manage/ status=200
2026-09-17 09:08:02,129 [INFO] vulnscan.audit: REQUEST user=admin role=ADMIN method=GET path=/accounts/manage/ status=200
2026-09-17 09:08:02,918 [INFO] vulnscan.audit: REQUEST user=admin role=ADMIN method=GET path=/accounts/manage/ status=200
2026-09-17 09:08:06,677 [INFO] vulnscan.audit: User logout: username=admin ip=127.0.0.1
2026-09-17 09:09:10,526 [INFO] vulnscan.audit: User registered: username=josh role=VIEWER ip=127.0.0.1
2026-09-17 09:09:17,393 [INFO] vulnscan.audit: Successful login: username=josh role=VIEWER ip=127.0.0.1
2026-09-17 09:09:17,394 [INFO] vulnscan.audit: REQUEST user=josh role=VIEWER method=POST path=/accounts/login/ status=302
2026-09-17 09:09:17,427 [INFO] vulnscan.audit: REQUEST user=josh role=VIEWER method=GET path=/ status=200
2026-09-17 09:09:21,215 [INFO] vulnscan.audit: REQUEST user=josh role=VIEWER method=GET path=/reports/ status=200
2026-09-17 09:09:23,108 [INFO] vulnscan.audit: REQUEST user=josh role=VIEWER method=GET path=/analytics/ status=200
2026-09-17 09:09:24,338 [INFO] vulnscan.audit: REQUEST user=josh role=VIEWER method=GET path=/ status=200
2026-09-17 09:09:37,623 [INFO] vulnscan.audit: REQUEST user=josh role=VIEWER method=GET path=/reports/ status=200
2026-09-17 09:09:39,704 [INFO] vulnscan.audit: User logout: username=josh ip=127.0.0.1
2026-09-17 09:09:47,587 [WARNING] vulnscan.audit: Failed login: username=admin ip=127.0.0.1
2026-09-17 09:10:05,892 [WARNING] vulnscan.audit: Failed login: username=admin ip=127.0.0.1
2026-09-17 09:10:12,539 [WARNING] vulnscan.audit: Failed login: username=admin ip=127.0.0.1
2026-09-17 09:10:22,300 [INFO] vulnscan.audit: Successful login: username=admin role=ADMIN ip=127.0.0.1
2026-09-17 09:10:22,300 [INFO] vulnscan.audit: REQUEST user=admin role=ADMIN method=POST path=/accounts/login/ status=302
2026-09-17 09:10:22,340 [INFO] vulnscan.audit: REQUEST user=admin role=ADMIN method=GET path=/ status=200
2026-09-17 09:10:28,839 [INFO] vulnscan.audit: REQUEST user=admin role=ADMIN method=GET path=/analytics/ status=200
2026-09-17 09:10:30,296 [INFO] vulnscan.audit: REQUEST user=admin role=ADMIN method=GET path=/reports/ status=200
2026-09-17 09:10:31,539 [INFO] vulnscan.audit: REQUEST user=admin role=ADMIN method=GET path=/vulnassess/ status=200
2026-09-17 09:10:32,382 [INFO] vulnscan.audit: REQUEST user=admin role=ADMIN method=GET path=/scanning/ status=200
2026-09-17 09:10:36,701 [INFO] vulnscan.audit: REQUEST user=admin role=ADMIN method=GET path=/scanning/targets/add/ status=200
2026-09-17 09:10:45,551 [INFO] vulnscan.audit: REQUEST user=admin role=ADMIN method=POST path=/scanning/targets/add/ status=302
2026-09-17 09:10:45,570 [INFO] vulnscan.audit: REQUEST user=admin role=ADMIN method=GET path=/scanning/ status=200
2026-09-17 09:10:48,234 [INFO] vulnscan.audit: REQUEST user=admin role=ADMIN method=POST path=/scanning/launch/ status=302
2026-09-17 09:10:48,269 [INFO] vulnscan.audit: REQUEST user=admin role=ADMIN method=GET path=/scanning/jobs/1/ status=200
2026-09-17 09:10:52,105 [INFO] vulnscan.audit: SCAN_COMPLETED job=1 target=10.1.0.1
2026-09-17 09:10:52,108 [INFO] vulnscan.audit: CORRELATION_COMPLETE job=1 findings=0
2026-09-17 09:10:52,303 [INFO] vulnscan.audit: REQUEST user=admin role=ADMIN method=GET path=/scanning/jobs/1/status/ status=200
2026-09-17 09:10:53,243 [INFO] vulnscan.audit: REQUEST user=admin role=ADMIN method=GET path=/scanning/jobs/1/ status=200
2026-09-17 09:11:02,497 [INFO] vulnscan.audit: REQUEST user=admin role=ADMIN method=GET path=/scanning/targets/1/trend/ status=200
2026-09-17 09:11:04,930 [INFO] vulnscan.audit: REQUEST user=admin role=ADMIN method=GET path=/ status=200
2026-09-17 09:11:32,902 [INFO] vulnscan.audit: REQUEST user=admin role=ADMIN method=GET path=/ status=200
2026-09-17 09:11:33,999 [INFO] vulnscan.audit: REQUEST user=admin role=ADMIN method=GET path=/scanning/ status=200
2026-09-17 09:11:37,881 [INFO] vulnscan.audit: REQUEST user=admin role=ADMIN method=GET path=/scanning/targets/add/ status=200
2026-09-17 09:12:42,230 [INFO] vulnscan.audit: REQUEST user=admin role=ADMIN method=POST path=/scanning/targets/add/ status=302
2026-09-17 09:12:42,250 [INFO] vulnscan.audit: REQUEST user=admin role=ADMIN method=GET path=/scanning/ status=200
2026-09-17 09:12:46,547 [INFO] vulnscan.audit: REQUEST user=admin role=ADMIN method=POST path=/scanning/launch/ status=302
2026-09-17 09:12:46,565 [INFO] vulnscan.audit: REQUEST user=admin role=ADMIN method=GET path=/scanning/jobs/2/ status=200
2026-09-17 09:12:50,598 [INFO] vulnscan.audit: REQUEST user=admin role=ADMIN method=GET path=/scanning/jobs/2/status/ status=200
2026-09-17 09:12:54,611 [INFO] vulnscan.audit: REQUEST user=admin role=ADMIN method=GET path=/scanning/jobs/2/status/ status=200
2026-09-17 09:12:56,293 [INFO] vulnscan.audit: SCAN_COMPLETED job=2 target=10.132.4.133
2026-09-17 09:12:56,295 [INFO] vulnscan.audit: CORRELATION_COMPLETE job=2 findings=0
2026-09-17 09:12:58,630 [INFO] vulnscan.audit: REQUEST user=admin role=ADMIN method=GET path=/scanning/jobs/2/status/ status=200
2026-09-17 09:12:59,561 [INFO] vulnscan.audit: REQUEST user=admin role=ADMIN method=GET path=/scanning/jobs/2/ status=200
2026-09-17 09:13:05,548 [INFO] vulnscan.audit: REQUEST user=admin role=ADMIN method=GET path=/scanning/targets/2/trend/ status=200
2026-09-17 09:13:10,018 [INFO] vulnscan.audit: REQUEST user=admin role=ADMIN method=GET path=/ status=200
2026-09-17 09:13:48,791 [INFO] vulnscan.audit: REQUEST user=admin role=ADMIN method=GET path=/scanning/ status=200
2026-09-17 09:13:50,298 [INFO] vulnscan.audit: REQUEST user=admin role=ADMIN method=GET path=/scanning/targets/add/ status=200
2026-09-17 09:14:43,922 [INFO] vulnscan.audit: REQUEST user=admin role=ADMIN method=POST path=/scanning/targets/add/ status=302
2026-09-17 09:14:43,940 [INFO] vulnscan.audit: REQUEST user=admin role=ADMIN method=GET path=/scanning/ status=200
2026-09-17 09:14:45,914 [INFO] vulnscan.audit: REQUEST user=admin role=ADMIN method=POST path=/scanning/launch/ status=302
2026-09-17 09:14:45,939 [INFO] vulnscan.audit: REQUEST user=admin role=ADMIN method=GET path=/scanning/jobs/3/ status=200
2026-09-17 09:14:48,501 [INFO] vulnscan.audit: REQUEST user=admin role=ADMIN method=GET path=/scanning/ status=200
2026-09-17 09:14:49,710 [INFO] vulnscan.audit: SCAN_COMPLETED job=3 target=10.1.0.1
2026-09-17 09:14:49,712 [INFO] vulnscan.audit: CORRELATION_COMPLETE job=3 findings=0
2026-09-17 09:14:52,989 [INFO] vulnscan.audit: REQUEST user=admin role=ADMIN method=POST path=/scanning/launch/ status=302
2026-09-17 09:14:53,023 [INFO] vulnscan.audit: REQUEST user=admin role=ADMIN method=GET path=/scanning/jobs/4/ status=200
2026-09-17 09:14:55,704 [INFO] vulnscan.audit: REQUEST user=admin role=ADMIN method=GET path=/scanning/ status=200
2026-09-17 09:14:56,793 [INFO] vulnscan.audit: SCAN_COMPLETED job=4 target=10.0.0.0
2026-09-17 09:14:56,795 [INFO] vulnscan.audit: CORRELATION_COMPLETE job=4 findings=0
2026-09-17 09:15:04,069 [INFO] vulnscan.audit: REQUEST user=admin role=ADMIN method=POST path=/scanning/launch/ status=302
2026-09-17 09:15:04,088 [INFO] vulnscan.audit: REQUEST user=admin role=ADMIN method=GET path=/scanning/jobs/5/ status=200
2026-09-17 09:15:06,147 [INFO] vulnscan.audit: REQUEST user=admin role=ADMIN method=GET path=/scanning/ status=200
2026-09-17 09:15:10,778 [INFO] vulnscan.audit: REQUEST user=admin role=ADMIN method=POST path=/scanning/launch/ status=302
2026-09-17 09:15:10,791 [INFO] vulnscan.audit: REQUEST user=admin role=ADMIN method=GET path=/scanning/jobs/6/ status=200
2026-09-17 09:15:12,616 [INFO] vulnscan.audit: REQUEST user=admin role=ADMIN method=GET path=/ status=200
2026-09-17 09:15:12,950 [INFO] vulnscan.audit: SCAN_COMPLETED job=5 target=10.1.0.1
2026-09-17 09:15:12,953 [INFO] vulnscan.audit: CORRELATION_COMPLETE job=5 findings=0
2026-09-17 09:15:14,419 [INFO] vulnscan.audit: SCAN_COMPLETED job=6 target=10.0.0.0
2026-09-17 09:15:14,421 [INFO] vulnscan.audit: CORRELATION_COMPLETE job=6 findings=0
2026-09-17 09:15:52,621 [INFO] vulnscan.audit: REQUEST user=admin role=ADMIN method=GET path=/scanning/ status=200
2026-09-17 09:15:55,031 [INFO] vulnscan.audit: REQUEST user=admin role=ADMIN method=GET path=/scanning/jobs/6/ status=200
2026-09-17 09:15:56,732 [INFO] vulnscan.audit: REQUEST user=admin role=ADMIN method=GET path=/scanning/targets/3/trend/ status=200
2026-09-17 09:16:00,128 [INFO] vulnscan.audit: REQUEST user=admin role=ADMIN method=GET path=/ status=200
2026-09-17 09:17:06,489 [INFO] vulnscan.audit: REQUEST user=admin role=ADMIN method=GET path=/ status=200
2026-09-17 09:19:08,657 [INFO] vulnscan.audit: REQUEST user=admin role=ADMIN method=GET path=/scanning/ status=200
2026-09-17 09:19:11,512 [INFO] vulnscan.audit: REQUEST user=admin role=ADMIN method=GET path=/scanning/targets/add/ status=200
2026-09-17 09:19:35,679 [INFO] vulnscan.audit: REQUEST user=admin role=ADMIN method=GET path=/ status=200
2026-09-17 09:19:58,739 [INFO] vulnscan.audit: REQUEST user=admin role=ADMIN method=GET path=/analytics/ status=200
2026-09-17 09:20:30,052 [INFO] vulnscan.audit: REQUEST user=admin role=ADMIN method=GET path=/ status=200
2026-09-17 09:21:42,595 [INFO] vulnscan.audit: REQUEST user=admin role=ADMIN method=GET path=/ status=200
2026-09-17 09:23:14,088 [INFO] vulnscan.audit: REQUEST user=admin role=ADMIN method=GET path=/scanning/ status=200
2026-09-17 09:23:17,019 [INFO] vulnscan.audit: REQUEST user=admin role=ADMIN method=GET path=/scanning/targets/add/ status=200
2026-09-17 09:24:12,313 [INFO] vulnscan.audit: REQUEST user=admin role=ADMIN method=GET path=/ status=200
2026-09-17 09:24:23,024 [INFO] vulnscan.audit: REQUEST user=admin role=ADMIN method=GET path=/scanning/ status=200
2026-09-17 09:24:59,834 [INFO] vulnscan.audit: REQUEST user=admin role=ADMIN method=GET path=/scanning/targets/add/ status=200
2026-09-17 09:25:22,445 [INFO] vulnscan.audit: REQUEST user=admin role=ADMIN method=POST path=/scanning/targets/add/ status=302
2026-09-17 09:25:22,462 [INFO] vulnscan.audit: REQUEST user=admin role=ADMIN method=GET path=/scanning/ status=200
2026-09-17 09:25:26,563 [INFO] vulnscan.audit: REQUEST user=admin role=ADMIN method=POST path=/scanning/launch/ status=302
2026-09-17 09:25:26,582 [INFO] vulnscan.audit: REQUEST user=admin role=ADMIN method=GET path=/scanning/jobs/7/ status=200
2026-09-17 09:25:30,622 [INFO] vulnscan.audit: REQUEST user=admin role=ADMIN method=GET path=/scanning/jobs/7/status/ status=200
2026-09-17 09:25:34,635 [INFO] vulnscan.audit: REQUEST user=admin role=ADMIN method=GET path=/scanning/jobs/7/status/ status=200
2026-09-17 09:25:38,652 [INFO] vulnscan.audit: REQUEST user=admin role=ADMIN method=GET path=/scanning/jobs/7/status/ status=200
2026-09-17 09:25:42,671 [INFO] vulnscan.audit: REQUEST user=admin role=ADMIN method=GET path=/scanning/jobs/7/status/ status=200
2026-09-17 09:25:46,685 [INFO] vulnscan.audit: REQUEST user=admin role=ADMIN method=GET path=/scanning/jobs/7/status/ status=200
2026-09-17 09:25:50,701 [INFO] vulnscan.audit: REQUEST user=admin role=ADMIN method=GET path=/scanning/jobs/7/status/ status=200
2026-09-17 09:25:54,716 [INFO] vulnscan.audit: REQUEST user=admin role=ADMIN method=GET path=/scanning/jobs/7/status/ status=200
2026-09-17 09:25:58,738 [INFO] vulnscan.audit: REQUEST user=admin role=ADMIN method=GET path=/scanning/jobs/7/status/ status=200
2026-09-17 09:26:02,752 [INFO] vulnscan.audit: REQUEST user=admin role=ADMIN method=GET path=/scanning/jobs/7/status/ status=200
2026-09-17 09:26:06,768 [INFO] vulnscan.audit: REQUEST user=admin role=ADMIN method=GET path=/scanning/jobs/7/status/ status=200
2026-09-17 09:26:10,782 [INFO] vulnscan.audit: REQUEST user=admin role=ADMIN method=GET path=/scanning/jobs/7/status/ status=200
2026-09-17 09:26:14,802 [INFO] vulnscan.audit: REQUEST user=admin role=ADMIN method=GET path=/scanning/jobs/7/status/ status=200
2026-09-17 09:26:18,818 [INFO] vulnscan.audit: REQUEST user=admin role=ADMIN method=GET path=/scanning/jobs/7/status/ status=200
2026-09-17 09:26:22,832 [INFO] vulnscan.audit: REQUEST user=admin role=ADMIN method=GET path=/scanning/jobs/7/status/ status=200
2026-09-17 09:26:26,847 [INFO] vulnscan.audit: REQUEST user=admin role=ADMIN method=GET path=/scanning/jobs/7/status/ status=200
2026-09-17 09:26:30,867 [INFO] vulnscan.audit: REQUEST user=admin role=ADMIN method=GET path=/scanning/jobs/7/status/ status=200
2026-09-17 09:26:34,883 [INFO] vulnscan.audit: REQUEST user=admin role=ADMIN method=GET path=/scanning/jobs/7/status/ status=200
2026-09-17 09:26:38,899 [INFO] vulnscan.audit: REQUEST user=admin role=ADMIN method=GET path=/scanning/jobs/7/status/ status=200
2026-09-17 09:26:42,915 [INFO] vulnscan.audit: REQUEST user=admin role=ADMIN method=GET path=/scanning/jobs/7/status/ status=200
2026-09-17 09:26:46,931 [INFO] vulnscan.audit: REQUEST user=admin role=ADMIN method=GET path=/scanning/jobs/7/status/ status=200
2026-09-17 09:26:50,949 [INFO] vulnscan.audit: REQUEST user=admin role=ADMIN method=GET path=/scanning/jobs/7/status/ status=200
2026-09-17 09:26:54,965 [INFO] vulnscan.audit: REQUEST user=admin role=ADMIN method=GET path=/scanning/jobs/7/status/ status=200
2026-09-17 09:26:58,982 [INFO] vulnscan.audit: REQUEST user=admin role=ADMIN method=GET path=/scanning/jobs/7/status/ status=200
2026-09-17 09:27:02,998 [INFO] vulnscan.audit: REQUEST user=admin role=ADMIN method=GET path=/scanning/jobs/7/status/ status=200
2026-09-17 09:27:07,017 [INFO] vulnscan.audit: REQUEST user=admin role=ADMIN method=GET path=/scanning/jobs/7/status/ status=200
2026-09-17 09:27:11,031 [INFO] vulnscan.audit: REQUEST user=admin role=ADMIN method=GET path=/scanning/jobs/7/status/ status=200
2026-09-17 09:27:15,044 [INFO] vulnscan.audit: REQUEST user=admin role=ADMIN method=GET path=/scanning/jobs/7/status/ status=200
2026-09-17 09:27:19,061 [INFO] vulnscan.audit: REQUEST user=admin role=ADMIN method=GET path=/scanning/jobs/7/status/ status=200
2026-09-17 09:27:23,080 [INFO] vulnscan.audit: REQUEST user=admin role=ADMIN method=GET path=/scanning/jobs/7/status/ status=200
2026-09-17 09:27:27,096 [INFO] vulnscan.audit: REQUEST user=admin role=ADMIN method=GET path=/scanning/jobs/7/status/ status=200
2026-09-17 09:27:31,114 [INFO] vulnscan.audit: REQUEST user=admin role=ADMIN method=GET path=/scanning/jobs/7/status/ status=200
2026-09-17 09:27:35,130 [INFO] vulnscan.audit: REQUEST user=admin role=ADMIN method=GET path=/scanning/jobs/7/status/ status=200
2026-09-17 09:27:39,147 [INFO] vulnscan.audit: REQUEST user=admin role=ADMIN method=GET path=/scanning/jobs/7/status/ status=200
2026-09-17 09:27:42,972 [INFO] vulnscan.audit: REQUEST user=admin role=ADMIN method=GET path=/scanning/jobs/7/ status=200
2026-09-17 09:27:46,994 [INFO] vulnscan.audit: REQUEST user=admin role=ADMIN method=GET path=/scanning/jobs/7/ status=200
2026-09-17 09:27:47,431 [INFO] vulnscan.audit: REQUEST user=admin role=ADMIN method=GET path=/scanning/jobs/7/ status=200
2026-09-17 09:27:47,626 [INFO] vulnscan.audit: REQUEST user=admin role=ADMIN method=GET path=/scanning/jobs/7/ status=200
2026-09-17 09:27:47,766 [INFO] vulnscan.audit: REQUEST user=admin role=ADMIN method=GET path=/scanning/jobs/7/ status=200
2026-09-17 09:27:47,927 [INFO] vulnscan.audit: REQUEST user=admin role=ADMIN method=GET path=/scanning/jobs/7/ status=200
2026-09-17 09:27:48,054 [INFO] vulnscan.audit: REQUEST user=admin role=ADMIN method=GET path=/scanning/jobs/7/ status=200
2026-09-17 09:27:50,819 [INFO] vulnscan.audit: REQUEST user=admin role=ADMIN method=GET path=/analytics/ status=200
2026-09-17 09:28:33,606 [INFO] vulnscan.audit: REQUEST user=admin role=ADMIN method=GET path=/scanning/ status=200
2026-09-17 09:28:45,383 [INFO] vulnscan.audit: REQUEST user=admin role=ADMIN method=GET path=/scanning/targets/add/ status=200
2026-09-17 09:28:53,903 [INFO] vulnscan.audit: SCAN_COMPLETED job=7 target=10.0.0.0/24
2026-09-17 09:28:53,905 [INFO] vulnscan.audit: CORRELATION_COMPLETE job=7 findings=0
2026-09-17 09:48:36,246 [INFO] vulnscan.audit: Successful login: username=admin role=ADMIN ip=127.0.0.1
2026-09-17 09:48:36,248 [INFO] vulnscan.audit: REQUEST user=admin role=ADMIN method=POST path=/accounts/login/ status=302
2026-09-17 09:48:36,327 [INFO] vulnscan.audit: REQUEST user=admin role=ADMIN method=GET path=/ status=200
2026-09-17 09:49:48,503 [INFO] vulnscan.audit: REQUEST user=admin role=ADMIN method=GET path=/accounts/logs/ status=200
2026-09-17 09:49:52,880 [INFO] vulnscan.audit: REQUEST user=admin role=ADMIN method=GET path=/scanning/ status=200
2026-09-17 09:49:54,660 [INFO] vulnscan.audit: REQUEST user=admin role=ADMIN method=GET path=/vulnassess/ status=200
2026-09-17 09:49:56,930 [INFO] vulnscan.audit: REQUEST user=admin role=ADMIN method=GET path=/scanning/ status=200
2026-09-17 09:50:00,619 [INFO] vulnscan.audit: REQUEST user=admin role=ADMIN method=GET path=/analytics/ status=200
2026-09-17 09:50:10,609 [INFO] vulnscan.audit: REQUEST user=admin role=ADMIN method=GET path=/scanning/ status=200
2026-09-17 09:50:13,379 [INFO] vulnscan.audit: REQUEST user=admin role=ADMIN method=GET path=/vulnassess/ status=200
2026-09-17 09:50:15,095 [INFO] vulnscan.audit: REQUEST user=admin role=ADMIN method=GET path=/scanning/ status=200
2026-09-17 09:50:18,503 [INFO] vulnscan.audit: REQUEST user=admin role=ADMIN method=GET path=/scanning/targets/add/ status=200
2026-09-17 09:50:26,550 [INFO] vulnscan.audit: REQUEST user=admin role=ADMIN method=POST path=/scanning/targets/add/ status=302
2026-09-17 09:50:26,566 [INFO] vulnscan.audit: REQUEST user=admin role=ADMIN method=GET path=/scanning/ status=200
2026-09-17 09:50:28,625 [INFO] vulnscan.audit: REQUEST user=admin role=ADMIN method=POST path=/scanning/launch/ status=302
2026-09-17 09:50:28,651 [INFO] vulnscan.audit: REQUEST user=admin role=ADMIN method=GET path=/scanning/jobs/1/ status=200
2026-09-17 09:50:30,408 [INFO] vulnscan.audit: REQUEST user=admin role=ADMIN method=GET path=/analytics/ status=200
2026-09-17 09:50:31,829 [INFO] vulnscan.audit: REQUEST user=admin role=ADMIN method=GET path=/scanning/ status=200
2026-09-17 09:50:35,096 [INFO] vulnscan.audit: REQUEST user=admin role=ADMIN method=GET path=/scanning/targets/add/ status=200
2026-09-17 09:50:42,027 [INFO] vulnscan.audit: REQUEST user=admin role=ADMIN method=POST path=/scanning/targets/add/ status=302
2026-09-17 09:50:42,043 [INFO] vulnscan.audit: REQUEST user=admin role=ADMIN method=GET path=/scanning/ status=200
2026-09-17 09:50:51,925 [INFO] vulnscan.audit: REQUEST user=admin role=ADMIN method=POST path=/scanning/launch/ status=302
2026-09-17 09:50:51,950 [INFO] vulnscan.audit: REQUEST user=admin role=ADMIN method=GET path=/scanning/jobs/2/ status=200
2026-09-17 09:50:55,433 [INFO] vulnscan.audit: REQUEST user=admin role=ADMIN method=GET path=/scanning/ status=200
2026-09-17 09:50:57,954 [INFO] vulnscan.audit: REQUEST user=admin role=ADMIN method=GET path=/scanning/targets/add/ status=200
2026-09-17 09:51:15,972 [INFO] vulnscan.audit: REQUEST user=admin role=ADMIN method=POST path=/scanning/targets/add/ status=302
2026-09-17 09:51:16,017 [INFO] vulnscan.audit: REQUEST user=admin role=ADMIN method=GET path=/scanning/ status=200
2026-09-17 09:51:26,538 [INFO] vulnscan.audit: REQUEST user=admin role=ADMIN method=POST path=/scanning/launch/ status=302
2026-09-17 09:51:26,557 [INFO] vulnscan.audit: REQUEST user=admin role=ADMIN method=GET path=/scanning/jobs/3/ status=200
2026-09-17 09:51:29,082 [INFO] vulnscan.audit: REQUEST user=admin role=ADMIN method=GET path=/scanning/ status=200
2026-09-17 09:51:36,846 [INFO] vulnscan.audit: REQUEST user=admin role=ADMIN method=POST path=/scanning/launch/ status=302
2026-09-17 09:51:36,865 [INFO] vulnscan.audit: REQUEST user=admin role=ADMIN method=GET path=/scanning/jobs/4/ status=200
2026-09-17 09:51:39,031 [INFO] vulnscan.audit: REQUEST user=admin role=ADMIN method=GET path=/scanning/jobs/4/ status=200
2026-09-17 09:51:40,136 [INFO] vulnscan.audit: SCAN_COMPLETED job=3 target=10.132.4.233
2026-09-17 09:51:40,154 [INFO] vulnscan.audit: CORRELATION_COMPLETE job=3 findings=1
2026-09-17 09:51:41,066 [INFO] vulnscan.audit: REQUEST user=admin role=ADMIN method=GET path=/scanning/ status=200
2026-09-17 09:51:41,879 [INFO] vulnscan.audit: SCAN_COMPLETED job=4 target=10.1.0.1
2026-09-17 09:51:41,882 [INFO] vulnscan.audit: CORRELATION_COMPLETE job=4 findings=0
2026-09-17 09:53:57,095 [INFO] vulnscan.audit: SCAN_COMPLETED job=1 target=10.0.0.0/24
2026-09-17 09:53:57,098 [INFO] vulnscan.audit: CORRELATION_COMPLETE job=1 findings=0
2026-09-17 09:54:20,107 [INFO] vulnscan.audit: SCAN_COMPLETED job=2 target=10.0.0.0/24
2026-09-17 09:54:20,110 [INFO] vulnscan.audit: CORRELATION_COMPLETE job=2 findings=0
2026-09-24 14:14:29,344 [INFO] vulnscan.audit: Successful login: username=admin role=ADMIN ip=127.0.0.1
2026-09-24 14:14:29,353 [INFO] vulnscan.audit: REQUEST user=admin role=ADMIN method=POST path=/accounts/login/ status=302
2026-09-24 14:17:51,260 [INFO] vulnscan.audit: REQUEST user=admin role=ADMIN method=GET path=/ status=200
2026-09-24 14:18:04,682 [INFO] vulnscan.audit: REQUEST user=admin role=ADMIN method=GET path=/analytics/ status=500
2026-09-24 14:18:07,016 [INFO] vulnscan.audit: REQUEST user=admin role=ADMIN method=GET path=/analytics/ status=500
2026-09-24 14:18:07,888 [INFO] vulnscan.audit: REQUEST user=admin role=ADMIN method=GET path=/analytics/ status=500
2026-09-24 14:18:09,166 [INFO] vulnscan.audit: REQUEST user=admin role=ADMIN method=GET path=/analytics/ status=500
2026-09-24 14:18:40,612 [INFO] vulnscan.audit: REQUEST user=admin role=ADMIN method=GET path=/scanning/ status=200
2026-09-24 14:18:41,999 [INFO] vulnscan.audit: REQUEST user=admin role=ADMIN method=GET path=/analytics/ status=500
2026-09-24 14:20:15,169 [INFO] vulnscan.audit: REQUEST user=admin role=ADMIN method=GET path=/analytics/ status=200
2026-09-24 14:20:15,594 [INFO] vulnscan.audit: REQUEST user=admin role=ADMIN method=GET path=/analytics/ status=200
2026-09-24 14:20:37,995 [INFO] vulnscan.audit: REQUEST user=admin role=ADMIN method=GET path=/analytics/ status=200
2026-09-24 14:20:39,955 [INFO] vulnscan.audit: REQUEST user=admin role=ADMIN method=GET path=/analytics/ status=200
2026-09-24 14:20:41,550 [INFO] vulnscan.audit: REQUEST user=admin role=ADMIN method=GET path=/analytics/ status=200
2026-09-24 14:20:44,356 [INFO] vulnscan.audit: REQUEST user=admin role=ADMIN method=GET path=/vulnassess/ status=200
2026-09-24 14:20:46,347 [INFO] vulnscan.audit: REQUEST user=admin role=ADMIN method=GET path=/reports/ status=200
2026-09-24 14:20:47,516 [INFO] vulnscan.audit: REQUEST user=admin role=ADMIN method=GET path=/accounts/manage/ status=200
2026-09-24 14:20:48,908 [INFO] vulnscan.audit: REQUEST user=admin role=ADMIN method=GET path=/accounts/logs/ status=200
2026-09-24 14:22:38,898 [INFO] vulnscan.audit: REQUEST user=admin role=ADMIN method=GET path=/analytics/ status=200
2026-09-24 14:22:53,774 [INFO] vulnscan.audit: REQUEST user=admin role=ADMIN method=GET path=/scanning/ status=200
2026-09-24 14:23:01,404 [INFO] vulnscan.audit: REQUEST user=admin role=ADMIN method=GET path=/scanning/jobs/4/ status=200
2026-09-24 14:23:03,020 [INFO] vulnscan.audit: REQUEST user=admin role=ADMIN method=GET path=/scanning/targets/3/trend/ status=200
2026-09-24 14:23:31,665 [INFO] vulnscan.audit: REQUEST user=admin role=ADMIN method=GET path=/scanning/ status=200
2026-09-24 14:23:34,837 [INFO] vulnscan.audit: REQUEST user=admin role=ADMIN method=GET path=/scanning/targets/add/ status=200
2026-09-24 14:23:42,953 [INFO] vulnscan.audit: REQUEST user=admin role=ADMIN method=POST path=/scanning/targets/add/ status=302
2026-09-24 14:23:42,980 [INFO] vulnscan.audit: REQUEST user=admin role=ADMIN method=GET path=/scanning/ status=200
2026-09-24 14:23:53,311 [INFO] vulnscan.audit: REQUEST user=admin role=ADMIN method=POST path=/scanning/launch/ status=302
2026-09-24 14:23:53,324 [INFO] vulnscan.audit: REQUEST user=admin role=ADMIN method=GET path=/scanning/jobs/5/ status=200
2026-09-24 14:23:57,353 [INFO] vulnscan.audit: REQUEST user=admin role=ADMIN method=GET path=/scanning/jobs/5/status/ status=200
2026-09-24 14:24:01,368 [INFO] vulnscan.audit: REQUEST user=admin role=ADMIN method=GET path=/scanning/jobs/5/status/ status=200
2026-09-24 14:24:05,377 [INFO] vulnscan.audit: REQUEST user=admin role=ADMIN method=GET path=/scanning/jobs/5/status/ status=200
2026-09-24 14:24:09,390 [INFO] vulnscan.audit: REQUEST user=admin role=ADMIN method=GET path=/scanning/jobs/5/status/ status=200
2026-09-24 14:24:13,403 [INFO] vulnscan.audit: REQUEST user=admin role=ADMIN method=GET path=/scanning/jobs/5/status/ status=200
2026-09-24 14:24:13,787 [INFO] vulnscan.audit: SCAN_COMPLETED job=5 target=10.4.26.230
2026-09-24 14:24:13,799 [INFO] vulnscan.audit: CORRELATION_COMPLETE job=5 findings=1
2026-09-24 14:24:17,415 [INFO] vulnscan.audit: REQUEST user=admin role=ADMIN method=GET path=/scanning/jobs/5/status/ status=200
2026-09-24 14:24:18,348 [INFO] vulnscan.audit: REQUEST user=admin role=ADMIN method=GET path=/scanning/jobs/5/ status=200
2026-09-24 14:24:29,405 [INFO] vulnscan.audit: REQUEST user=admin role=ADMIN method=GET path=/scanning/targets/4/trend/ status=200
2026-09-24 14:24:36,327 [INFO] vulnscan.audit: REQUEST user=admin role=ADMIN method=GET path=/vulnassess/ status=200
2026-09-24 14:24:40,416 [INFO] vulnscan.audit: REQUEST user=admin role=ADMIN method=GET path=/ status=200
2026-09-25 08:23:14,243 [INFO] vulnscan.audit: Successful login: username=admin role=ADMIN ip=127.0.0.1
2026-09-25 08:23:14,245 [INFO] vulnscan.audit: REQUEST user=admin role=ADMIN method=POST path=/accounts/login/ status=302
2026-09-25 08:23:19,263 [INFO] vulnscan.audit: REQUEST user=admin role=ADMIN method=POST path=/accounts/login/ status=403
2026-09-25 08:23:51,683 [INFO] vulnscan.audit: REQUEST user=admin role=ADMIN method=GET path=/accounts/login/ status=200
2026-09-25 08:23:52,266 [INFO] vulnscan.audit: REQUEST user=admin role=ADMIN method=GET path=/ status=500
2026-09-25 08:24:43,917 [INFO] vulnscan.audit: REQUEST user=admin role=ADMIN method=GET path=/accounts/login/ status=200
2026-09-25 08:24:46,632 [INFO] vulnscan.audit: Successful login: username=admin role=ADMIN ip=127.0.0.1
2026-09-25 08:24:46,633 [INFO] vulnscan.audit: REQUEST user=admin role=ADMIN method=POST path=/accounts/login/ status=302
2026-09-25 08:24:46,878 [INFO] vulnscan.audit: Successful login: username=admin role=ADMIN ip=127.0.0.1
2026-09-25 08:24:46,878 [INFO] vulnscan.audit: REQUEST user=admin role=ADMIN method=POST path=/accounts/login/ status=302
2026-09-25 08:24:47,021 [INFO] vulnscan.audit: REQUEST user=admin role=ADMIN method=GET path=/ status=200
2026-09-25 08:25:00,332 [INFO] vulnscan.audit: REQUEST user=admin role=ADMIN method=GET path=/analytics/ status=200
2026-09-25 08:25:02,758 [INFO] vulnscan.audit: REQUEST user=admin role=ADMIN method=GET path=/scanning/ status=200
2026-09-25 08:25:05,172 [INFO] vulnscan.audit: REQUEST user=admin role=ADMIN method=GET path=/vulnassess/ status=200
2026-09-25 08:25:06,421 [INFO] vulnscan.audit: REQUEST user=admin role=ADMIN method=GET path=/reports/ status=200
2026-09-25 08:25:07,990 [INFO] vulnscan.audit: REQUEST user=admin role=ADMIN method=GET path=/accounts/logs/ status=200
2026-09-25 08:25:09,890 [INFO] vulnscan.audit: REQUEST user=admin role=ADMIN method=GET path=/accounts/manage/ status=200
2026-09-25 08:25:12,158 [INFO] vulnscan.audit: REQUEST user=admin role=ADMIN method=GET path=/accounts/logs/ status=200
2026-09-25 08:25:14,688 [INFO] vulnscan.audit: REQUEST user=admin role=ADMIN method=GET path=/accounts/manage/ status=200
2026-09-25 08:25:19,310 [INFO] vulnscan.audit: REQUEST user=admin role=ADMIN method=GET path=/accounts/manage/1/ status=200
2026-09-25 08:25:25,591 [INFO] vulnscan.audit: REQUEST user=admin role=ADMIN method=GET path=/accounts/manage/ status=200
2026-09-25 08:25:33,535 [INFO] vulnscan.audit: REQUEST user=admin role=ADMIN method=GET path=/accounts/manage/2/ status=200
2026-09-25 08:25:37,791 [INFO] vulnscan.audit: REQUEST user=admin role=ADMIN method=POST path=/accounts/manage/2/ status=302
2026-09-25 08:25:37,804 [INFO] vulnscan.audit: REQUEST user=admin role=ADMIN method=GET path=/accounts/manage/ status=200
2026-09-25 08:25:39,918 [INFO] vulnscan.audit: User logout: username=admin ip=127.0.0.1
2026-09-25 08:26:47,196 [INFO] vulnscan.audit: User registered: username=User role=VIEWER ip=127.0.0.1
2026-09-25 08:26:53,666 [INFO] vulnscan.audit: Successful login: username=User role=VIEWER ip=127.0.0.1
2026-09-25 08:26:53,667 [INFO] vulnscan.audit: REQUEST user=User role=VIEWER method=POST path=/accounts/login/ status=302
2026-09-25 08:26:53,775 [INFO] vulnscan.audit: REQUEST user=User role=VIEWER method=GET path=/ status=200
2026-09-25 08:26:58,486 [INFO] vulnscan.audit: User logout: username=User ip=127.0.0.1
2026-09-25 08:27:04,162 [INFO] vulnscan.audit: Successful login: username=admin role=ADMIN ip=127.0.0.1
2026-09-25 08:27:04,163 [INFO] vulnscan.audit: REQUEST user=admin role=ADMIN method=POST path=/accounts/login/ status=302
2026-09-25 08:27:04,257 [INFO] vulnscan.audit: REQUEST user=admin role=ADMIN method=GET path=/ status=200
2026-09-25 08:27:06,030 [INFO] vulnscan.audit: REQUEST user=admin role=ADMIN method=GET path=/accounts/logs/ status=200
2026-09-25 08:27:07,611 [INFO] vulnscan.audit: REQUEST user=admin role=ADMIN method=GET path=/accounts/manage/ status=200
2026-09-25 08:27:16,047 [INFO] vulnscan.audit: User logout: username=admin ip=127.0.0.1
2026-09-25 08:27:31,683 [WARNING] vulnscan.audit: Failed login: username=security ip=127.0.0.1
2026-09-25 08:27:41,713 [INFO] vulnscan.audit: Successful login: username=security role=ANALYST ip=127.0.0.1
2026-09-25 08:27:41,714 [INFO] vulnscan.audit: REQUEST user=security role=ANALYST method=POST path=/accounts/login/ status=302
2026-09-25 08:27:41,818 [INFO] vulnscan.audit: REQUEST user=security role=ANALYST method=GET path=/ status=200
2026-09-25 08:27:46,985 [INFO] vulnscan.audit: REQUEST user=security role=ANALYST method=GET path=/accounts/manage/ status=200
2026-09-25 08:27:48,181 [INFO] vulnscan.audit: REQUEST user=security role=ANALYST method=GET path=/accounts/logs/ status=200
2026-09-25 08:27:49,848 [INFO] vulnscan.audit: REQUEST user=security role=ANALYST method=GET path=/vulnassess/ status=200
2026-09-25 08:27:51,003 [INFO] vulnscan.audit: REQUEST user=security role=ANALYST method=GET path=/reports/ status=200
2026-09-25 08:27:52,063 [INFO] vulnscan.audit: REQUEST user=security role=ANALYST method=GET path=/accounts/manage/ status=200
2026-09-25 08:27:54,365 [INFO] vulnscan.audit: REQUEST user=security role=ANALYST method=GET path=/scanning/ status=200
2026-09-25 08:27:55,395 [INFO] vulnscan.audit: REQUEST user=security role=ANALYST method=GET path=/analytics/ status=200
2026-09-25 08:27:56,597 [INFO] vulnscan.audit: REQUEST user=security role=ANALYST method=GET path=/ status=200
2026-09-25 08:31:57,880 [INFO] vulnscan.audit: REQUEST user=security role=ANALYST method=GET path=/ status=200
2026-09-25 08:35:20,578 [INFO] vulnscan.audit: REQUEST user=security role=ANALYST method=GET path=/analytics/ status=200
2026-09-25 08:35:22,094 [INFO] vulnscan.audit: REQUEST user=security role=ANALYST method=GET path=/scanning/ status=200
2026-09-25 08:35:24,012 [INFO] vulnscan.audit: REQUEST user=security role=ANALYST method=GET path=/vulnassess/ status=200
2026-09-25 08:35:25,192 [INFO] vulnscan.audit: REQUEST user=security role=ANALYST method=GET path=/reports/ status=200
2026-09-25 08:35:26,491 [INFO] vulnscan.audit: REQUEST user=security role=ANALYST method=GET path=/accounts/manage/ status=200
2026-09-25 08:35:28,570 [INFO] vulnscan.audit: User logout: username=security ip=127.0.0.1
2026-09-25 08:35:34,415 [INFO] vulnscan.audit: Successful login: username=admin role=ADMIN ip=127.0.0.1
2026-09-25 08:35:34,416 [INFO] vulnscan.audit: REQUEST user=admin role=ADMIN method=POST path=/accounts/login/ status=302
2026-09-25 08:35:34,524 [INFO] vulnscan.audit: REQUEST user=admin role=ADMIN method=GET path=/ status=200
2026-09-25 08:37:01,713 [INFO] vulnscan.audit: REQUEST user=admin role=ADMIN method=GET path=/reports/ status=200
2026-09-25 08:37:06,365 [INFO] vulnscan.audit: REQUEST user=admin role=ADMIN method=GET path=/analytics/ status=200
2026-09-25 08:37:09,118 [INFO] vulnscan.audit: REQUEST user=admin role=ADMIN method=GET path=/vulnassess/ status=200
2026-09-25 08:37:11,951 [INFO] vulnscan.audit: REQUEST user=admin role=ADMIN method=GET path=/vulnassess/2/ status=200
2026-09-25 08:37:14,544 [INFO] vulnscan.audit: REQUEST user=admin role=ADMIN method=GET path=/scanning/ status=200
2026-09-25 08:37:17,015 [INFO] vulnscan.audit: REQUEST user=admin role=ADMIN method=GET path=/scanning/jobs/5/ status=200
2026-09-25 08:37:20,075 [INFO] vulnscan.audit: REQUEST user=admin role=ADMIN method=GET path=/scanning/targets/4/trend/ status=200
2026-09-25 08:37:25,170 [INFO] vulnscan.audit: REQUEST user=admin role=ADMIN method=GET path=/vulnassess/ status=200
2026-09-25 08:37:27,292 [INFO] vulnscan.audit: REQUEST user=admin role=ADMIN method=GET path=/reports/ status=200
2026-09-25 08:37:33,763 [INFO] vulnscan.audit: REQUEST user=admin role=ADMIN method=GET path=/analytics/ status=200
2026-09-25 08:37:37,997 [INFO] vulnscan.audit: REQUEST user=admin role=ADMIN method=GET path=/vulnassess/ status=200
2026-09-25 08:37:39,686 [INFO] vulnscan.audit: REQUEST user=admin role=ADMIN method=GET path=/vulnassess/2/ status=200
2026-09-25 08:37:41,447 [INFO] vulnscan.audit: REQUEST user=admin role=ADMIN method=GET path=/scanning/ status=200
2026-09-25 08:37:43,908 [INFO] vulnscan.audit: REQUEST user=admin role=ADMIN method=GET path=/analytics/ status=200
2026-09-25 08:37:46,691 [INFO] vulnscan.audit: REQUEST user=admin role=ADMIN method=GET path=/scanning/ status=200
2026-09-25 08:37:48,279 [INFO] vulnscan.audit: REQUEST user=admin role=ADMIN method=GET path=/vulnassess/ status=200
2026-09-25 08:37:50,288 [INFO] vulnscan.audit: REQUEST user=admin role=ADMIN method=GET path=/reports/ status=200
2026-09-25 08:37:51,176 [INFO] vulnscan.audit: REQUEST user=admin role=ADMIN method=GET path=/accounts/manage/ status=200
2026-09-25 08:37:52,164 [INFO] vulnscan.audit: REQUEST user=admin role=ADMIN method=GET path=/accounts/logs/ status=200
2026-09-25 08:37:56,149 [INFO] vulnscan.audit: REQUEST user=admin role=ADMIN method=GET path=/analytics/ status=200
2026-09-25 08:37:57,538 [INFO] vulnscan.audit: REQUEST user=admin role=ADMIN method=GET path=/scanning/ status=200
2026-09-25 08:37:59,649 [INFO] vulnscan.audit: REQUEST user=admin role=ADMIN method=GET path=/scanning/jobs/5/ status=200
2026-09-25 08:38:01,921 [INFO] vulnscan.audit: REQUEST user=admin role=ADMIN method=GET path=/reports/generate/5/pdf/ status=302
2026-09-25 08:38:01,935 [INFO] vulnscan.audit: REQUEST user=admin role=ADMIN method=GET path=/reports/ status=200
2026-09-25 08:38:05,021 [INFO] vulnscan.audit: REQUEST user=admin role=ADMIN method=GET path=/reports/ status=200
2026-09-25 08:38:10,270 [INFO] vulnscan.audit: REQUEST user=admin role=ADMIN method=GET path=/vulnassess/ status=200
2026-09-25 08:38:16,193 [INFO] vulnscan.audit: REQUEST user=admin role=ADMIN method=GET path=/reports/ status=200
2026-09-25 08:38:25,414 [INFO] vulnscan.audit: REQUEST user=admin role=ADMIN method=GET path=/analytics/ status=200
2026-09-25 08:40:49,852 [INFO] vulnscan.audit: REQUEST user=admin role=ADMIN method=GET path=/analytics/ status=200
2026-09-25 08:40:55,332 [INFO] vulnscan.audit: REQUEST user=admin role=ADMIN method=GET path=/analytics/ status=200
2026-09-25 08:41:12,864 [INFO] vulnscan.audit: REQUEST user=admin role=ADMIN method=GET path=/analytics/ status=200
2026-09-25 08:41:28,848 [INFO] vulnscan.audit: REQUEST user=admin role=ADMIN method=GET path=/analytics/ status=200
2026-09-25 08:41:53,446 [INFO] vulnscan.audit: REQUEST user=admin role=ADMIN method=GET path=/analytics/ status=200
2026-09-25 08:41:59,399 [INFO] vulnscan.audit: REQUEST user=admin role=ADMIN method=GET path=/analytics/ status=200
2026-09-25 08:42:10,190 [INFO] vulnscan.audit: REQUEST user=admin role=ADMIN method=GET path=/analytics/ status=200
2026-09-25 08:42:21,103 [INFO] vulnscan.audit: REQUEST user=admin role=ADMIN method=GET path=/analytics/ status=200
2026-09-25 08:42:26,721 [INFO] vulnscan.audit: REQUEST user=admin role=ADMIN method=GET path=/analytics/ status=200
2026-09-25 08:42:31,093 [INFO] vulnscan.audit: REQUEST user=admin role=ADMIN method=GET path=/analytics/ status=200
2026-09-25 08:42:37,666 [INFO] vulnscan.audit: REQUEST user=admin role=ADMIN method=GET path=/.well-known/appspecific/com.chrome.devtools.json status=404
2026-09-25 08:43:21,926 [INFO] vulnscan.audit: REQUEST user=admin role=ADMIN method=GET path=/analytics/ status=200
2026-09-25 08:43:22,035 [INFO] vulnscan.audit: REQUEST user=admin role=ADMIN method=GET path=/.well-known/appspecific/com.chrome.devtools.json status=404
2026-09-25 08:43:22,879 [INFO] vulnscan.audit: REQUEST user=admin role=ADMIN method=GET path=/analytics/ status=200
2026-09-25 08:43:22,937 [INFO] vulnscan.audit: REQUEST user=admin role=ADMIN method=GET path=/.well-known/appspecific/com.chrome.devtools.json status=404
2026-09-25 08:43:45,884 [INFO] vulnscan.audit: REQUEST user=admin role=ADMIN method=GET path=/analytics/ status=200
2026-09-25 08:44:29,144 [INFO] vulnscan.audit: REQUEST user=admin role=ADMIN method=GET path=/analytics/ status=200
2026-09-25 08:44:52,014 [INFO] vulnscan.audit: REQUEST user=admin role=ADMIN method=GET path=/analytics/ status=200
2026-09-25 08:45:23,337 [INFO] vulnscan.audit: REQUEST user=admin role=ADMIN method=GET path=/.well-known/appspecific/com.chrome.devtools.json status=404
2026-09-25 08:46:15,782 [INFO] vulnscan.audit: REQUEST user=admin role=ADMIN method=GET path=/analytics/ status=200
2026-09-25 08:46:15,875 [INFO] vulnscan.audit: REQUEST user=admin role=ADMIN method=GET path=/.well-known/appspecific/com.chrome.devtools.json status=404
2026-09-25 08:46:44,535 [INFO] vulnscan.audit: REQUEST user=admin role=ADMIN method=GET path=/analytics/ status=200
2026-09-25 08:46:52,417 [INFO] vulnscan.audit: REQUEST user=admin role=ADMIN method=GET path=/analytics/ status=200
2026-09-25 08:47:40,157 [INFO] vulnscan.audit: REQUEST user=admin role=ADMIN method=GET path=/analytics/ status=200
2026-09-25 08:48:03,185 [INFO] vulnscan.audit: REQUEST user=admin role=ADMIN method=GET path=/analytics/ status=200
2026-09-25 08:48:08,849 [INFO] vulnscan.audit: REQUEST user=admin role=ADMIN method=GET path=/analytics/ status=200
2026-09-25 08:48:29,883 [INFO] vulnscan.audit: REQUEST user=admin role=ADMIN method=GET path=/analytics/ status=200
2026-09-25 08:48:44,070 [INFO] vulnscan.audit: REQUEST user=admin role=ADMIN method=GET path=/analytics/ status=200
2026-09-25 08:48:50,771 [INFO] vulnscan.audit: REQUEST user=admin role=ADMIN method=GET path=/scanning/ status=200
2026-09-25 08:49:08,872 [INFO] vulnscan.audit: REQUEST user=admin role=ADMIN method=GET path=/ status=200
2026-09-25 08:50:28,524 [INFO] vulnscan.audit: REQUEST user=admin role=ADMIN method=GET path=/scanning/ status=200
2026-09-25 08:50:37,045 [INFO] vulnscan.audit: REQUEST user=admin role=ADMIN method=POST path=/scanning/launch/ status=302
2026-09-25 08:50:37,064 [INFO] vulnscan.audit: REQUEST user=admin role=ADMIN method=GET path=/scanning/jobs/6/ status=200
2026-09-25 08:50:41,096 [INFO] vulnscan.audit: REQUEST user=admin role=ADMIN method=GET path=/scanning/jobs/6/status/ status=200
2026-09-25 08:50:42,906 [INFO] vulnscan.audit: SCAN_COMPLETED job=6 target=10.132.4.233
2026-09-25 08:50:42,909 [INFO] vulnscan.audit: CORRELATION_COMPLETE job=6 findings=0
2026-09-25 08:50:45,112 [INFO] vulnscan.audit: REQUEST user=admin role=ADMIN method=GET path=/scanning/jobs/6/status/ status=200
2026-09-25 08:50:46,057 [INFO] vulnscan.audit: REQUEST user=admin role=ADMIN method=GET path=/scanning/jobs/6/ status=200
2026-09-25 08:50:59,815 [INFO] vulnscan.audit: REQUEST user=admin role=ADMIN method=GET path=/scanning/jobs/6/compare/ status=200
2026-09-25 08:51:15,462 [INFO] vulnscan.audit: REQUEST user=admin role=ADMIN method=GET path=/analytics/ status=200
2026-09-25 08:51:18,857 [INFO] vulnscan.audit: REQUEST user=admin role=ADMIN method=GET path=/scanning/ status=200
2026-09-25 08:52:12,109 [INFO] vulnscan.audit: REQUEST user=admin role=ADMIN method=GET path=/scanning/targets/add/ status=200
2026-09-25 08:52:43,187 [INFO] vulnscan.audit: REQUEST user=admin role=ADMIN method=GET path=/ status=200
2026-09-25 08:53:47,363 [INFO] vulnscan.audit: REQUEST user=admin role=ADMIN method=GET path=/scanning/ status=200
2026-09-25 08:53:49,054 [INFO] vulnscan.audit: REQUEST user=admin role=ADMIN method=GET path=/scanning/targets/add/ status=200
2026-09-25 08:53:55,462 [INFO] vulnscan.audit: REQUEST user=admin role=ADMIN method=POST path=/scanning/targets/add/ status=302
2026-09-25 08:53:55,493 [INFO] vulnscan.audit: REQUEST user=admin role=ADMIN method=GET path=/scanning/ status=200
2026-09-25 08:54:03,269 [INFO] vulnscan.audit: REQUEST user=admin role=ADMIN method=POST path=/scanning/launch/ status=302
2026-09-25 08:54:03,284 [INFO] vulnscan.audit: REQUEST user=admin role=ADMIN method=GET path=/scanning/jobs/7/ status=200
2026-09-25 08:54:07,315 [INFO] vulnscan.audit: REQUEST user=admin role=ADMIN method=GET path=/scanning/jobs/7/status/ status=200
2026-09-25 08:54:11,328 [INFO] vulnscan.audit: REQUEST user=admin role=ADMIN method=GET path=/scanning/jobs/7/status/ status=200
2026-09-25 08:54:15,347 [INFO] vulnscan.audit: REQUEST user=admin role=ADMIN method=GET path=/scanning/jobs/7/status/ status=200
2026-09-25 08:54:19,364 [INFO] vulnscan.audit: REQUEST user=admin role=ADMIN method=GET path=/scanning/jobs/7/status/ status=200
2026-09-25 08:54:23,381 [INFO] vulnscan.audit: REQUEST user=admin role=ADMIN method=GET path=/scanning/jobs/7/status/ status=200
2026-09-25 08:54:27,399 [INFO] vulnscan.audit: REQUEST user=admin role=ADMIN method=GET path=/scanning/jobs/7/status/ status=200
2026-09-25 08:54:31,415 [INFO] vulnscan.audit: REQUEST user=admin role=ADMIN method=GET path=/scanning/jobs/7/status/ status=200
2026-09-25 08:54:35,431 [INFO] vulnscan.audit: REQUEST user=admin role=ADMIN method=GET path=/scanning/jobs/7/status/ status=200
2026-09-25 08:54:39,446 [INFO] vulnscan.audit: REQUEST user=admin role=ADMIN method=GET path=/scanning/jobs/7/status/ status=200
2026-09-25 08:54:44,103 [INFO] vulnscan.audit: REQUEST user=admin role=ADMIN method=GET path=/scanning/jobs/7/status/ status=200
2026-09-25 08:54:48,126 [INFO] vulnscan.audit: REQUEST user=admin role=ADMIN method=GET path=/scanning/jobs/7/status/ status=200
2026-09-25 08:54:52,142 [INFO] vulnscan.audit: REQUEST user=admin role=ADMIN method=GET path=/scanning/jobs/7/status/ status=200
2026-09-25 08:54:56,163 [INFO] vulnscan.audit: REQUEST user=admin role=ADMIN method=GET path=/scanning/jobs/7/status/ status=200
2026-09-25 08:55:01,105 [INFO] vulnscan.audit: REQUEST user=admin role=ADMIN method=GET path=/scanning/jobs/7/status/ status=200
2026-09-25 08:55:05,124 [INFO] vulnscan.audit: REQUEST user=admin role=ADMIN method=GET path=/scanning/jobs/7/status/ status=200
2026-09-25 08:55:07,413 [INFO] vulnscan.audit: REQUEST user=admin role=ADMIN method=GET path=/analytics/ status=200
2026-09-25 08:56:00,804 [INFO] vulnscan.audit: REQUEST user=admin role=ADMIN method=GET path=/scanning/ status=200
2026-09-25 08:57:12,568 [INFO] vulnscan.audit: REQUEST user=admin role=ADMIN method=GET path=/scanning/jobs/7/ status=200
2026-09-25 08:57:17,099 [INFO] vulnscan.audit: REQUEST user=admin role=ADMIN method=GET path=/scanning/jobs/7/status/ status=200
2026-09-25 08:57:22,095 [INFO] vulnscan.audit: REQUEST user=admin role=ADMIN method=GET path=/scanning/jobs/7/status/ status=200
2026-09-25 08:57:27,106 [INFO] vulnscan.audit: REQUEST user=admin role=ADMIN method=GET path=/scanning/jobs/7/status/ status=200
2026-09-25 08:57:32,100 [INFO] vulnscan.audit: REQUEST user=admin role=ADMIN method=GET path=/scanning/jobs/7/status/ status=200
2026-09-25 08:57:37,109 [INFO] vulnscan.audit: REQUEST user=admin role=ADMIN method=GET path=/scanning/jobs/7/status/ status=200
2026-09-25 08:57:42,100 [INFO] vulnscan.audit: REQUEST user=admin role=ADMIN method=GET path=/scanning/jobs/7/status/ status=200
2026-09-25 08:57:46,116 [INFO] vulnscan.audit: REQUEST user=admin role=ADMIN method=GET path=/scanning/jobs/7/status/ status=200
2026-09-25 08:57:51,105 [INFO] vulnscan.audit: REQUEST user=admin role=ADMIN method=GET path=/scanning/jobs/7/status/ status=200
2026-09-25 08:57:56,108 [INFO] vulnscan.audit: REQUEST user=admin role=ADMIN method=GET path=/scanning/jobs/7/status/ status=200
2026-09-25 08:58:01,095 [INFO] vulnscan.audit: REQUEST user=admin role=ADMIN method=GET path=/scanning/jobs/7/status/ status=200
2026-09-25 08:58:06,107 [INFO] vulnscan.audit: REQUEST user=admin role=ADMIN method=GET path=/scanning/jobs/7/status/ status=200
2026-09-25 08:58:11,102 [INFO] vulnscan.audit: REQUEST user=admin role=ADMIN method=GET path=/scanning/jobs/7/status/ status=200
2026-09-25 08:58:15,113 [INFO] vulnscan.audit: REQUEST user=admin role=ADMIN method=GET path=/scanning/jobs/7/status/ status=200
2026-09-25 08:58:19,132 [INFO] vulnscan.audit: REQUEST user=admin role=ADMIN method=GET path=/scanning/jobs/7/status/ status=200
2026-09-25 08:58:21,490 [INFO] vulnscan.audit: REQUEST user=admin role=ADMIN method=GET path=/scanning/ status=200
2026-09-25 08:58:22,910 [INFO] vulnscan.audit: REQUEST user=admin role=ADMIN method=GET path=/vulnassess/ status=200
2026-09-25 08:58:25,352 [INFO] vulnscan.audit: REQUEST user=admin role=ADMIN method=GET path=/vulnassess/2/ status=200
2026-09-25 08:58:33,052 [INFO] vulnscan.audit: REQUEST user=admin role=ADMIN method=GET path=/scanning/ status=200
2026-09-25 08:58:40,785 [INFO] vulnscan.audit: REQUEST user=admin role=ADMIN method=GET path=/scanning/jobs/5/ status=200
2026-09-25 08:58:44,322 [INFO] vulnscan.audit: REQUEST user=admin role=ADMIN method=GET path=/scanning/targets/4/trend/ status=200
2026-09-25 08:58:48,052 [INFO] vulnscan.audit: REQUEST user=admin role=ADMIN method=GET path=/scanning/jobs/5/ status=200
2026-09-25 08:58:49,886 [INFO] vulnscan.audit: REQUEST user=admin role=ADMIN method=GET path=/reports/generate/5/pdf/ status=302
2026-09-25 08:58:49,916 [INFO] vulnscan.audit: REQUEST user=admin role=ADMIN method=GET path=/reports/ status=200
2026-09-25 09:04:03,361 [ERROR] vulnscan.audit: SCAN_FAILED job=7 error=Nmap execution failed: 'Timeout from nmap process'
2026-09-25 09:04:03,362 [ERROR] vulnscan.audit: Unhandled error running scan job 7
Traceback (most recent call last):
  File "C:\Users\asus\OneDrive\Documents\IT21\vulnscan_system_updated (1)\vulnscan_system\.venv\Lib\site-packages\nmap\nmap.py", line 278, in scan
    (self._nmap_last_output, nmap_err) = p.communicate(timeout=timeout)
                                         ^^^^^^^^^^^^^^^^^^^^^^^^^^^^^^
  File "C:\Users\asus\AppData\Local\Programs\Python\Python312\Lib\subprocess.py", line 1211, in communicate
    stdout, stderr = self._communicate(input, endtime, timeout)
                     ^^^^^^^^^^^^^^^^^^^^^^^^^^^^^^^^^^^^^^^^^^
  File "C:\Users\asus\AppData\Local\Programs\Python\Python312\Lib\subprocess.py", line 1632, in _communicate
    raise TimeoutExpired(self.args, orig_timeout)
subprocess.TimeoutExpired: Command '['nmap', '-oX', '-', '10.0.0.0/8', '-sV', '-O', '--top-ports', '100']' timed out after 600 seconds

During handling of the above exception, another exception occurred:

Traceback (most recent call last):
  File "C:\Users\asus\OneDrive\Documents\IT21\vulnscan_system_updated (1)\vulnscan_system\scanning\engine.py", line 235, in run_nmap_scan
    scanner.scan(hosts=target, arguments=arguments, timeout=settings.SCAN_DEFAULT_TIMEOUT_SECONDS)
  File "C:\Users\asus\OneDrive\Documents\IT21\vulnscan_system_updated (1)\vulnscan_system\.venv\Lib\site-packages\nmap\nmap.py", line 281, in scan
    raise PortScannerTimeout("Timeout from nmap process")
nmap.nmap.PortScannerTimeout: 'Timeout from nmap process'

The above exception was the direct cause of the following exception:

Traceback (most recent call last):
  File "C:\Users\asus\OneDrive\Documents\IT21\vulnscan_system_updated (1)\vulnscan_system\scanning\views.py", line 81, in _run_job_safely
    execute_scan_job(job)
  File "C:\Users\asus\OneDrive\Documents\IT21\vulnscan_system_updated (1)\vulnscan_system\scanning\engine.py", line 306, in execute_scan_job
    nmap_results = run_nmap_scan(job.target.ip_or_cidr, job.nmap_arguments)
                   ^^^^^^^^^^^^^^^^^^^^^^^^^^^^^^^^^^^^^^^^^^^^^^^^^^^^^^^^
  File "C:\Users\asus\OneDrive\Documents\IT21\vulnscan_system_updated (1)\vulnscan_system\scanning\engine.py", line 237, in run_nmap_scan
    raise ScanExecutionError(f"Nmap execution failed: {exc}") from exc
scanning.engine.ScanExecutionError: Nmap execution failed: 'Timeout from nmap process'
2026-09-25 09:07:46,317 [INFO] vulnscan.audit: REQUEST user=admin role=ADMIN method=GET path=/analytics/ status=200
2026-09-25 09:07:48,668 [INFO] vulnscan.audit: REQUEST user=admin role=ADMIN method=GET path=/scanning/ status=200
2026-09-25 09:07:59,272 [INFO] vulnscan.audit: REQUEST user=admin role=ADMIN method=GET path=/scanning/targets/add/ status=200
2026-09-25 09:08:11,845 [INFO] vulnscan.audit: REQUEST user=admin role=ADMIN method=POST path=/scanning/targets/add/ status=302
2026-09-25 09:08:11,884 [INFO] vulnscan.audit: REQUEST user=admin role=ADMIN method=GET path=/scanning/ status=200
2026-09-25 09:08:17,307 [INFO] vulnscan.audit: REQUEST user=admin role=ADMIN method=POST path=/scanning/launch/ status=302
2026-09-25 09:08:17,326 [INFO] vulnscan.audit: REQUEST user=admin role=ADMIN method=GET path=/scanning/jobs/8/ status=200
2026-09-25 09:08:21,359 [INFO] vulnscan.audit: REQUEST user=admin role=ADMIN method=GET path=/scanning/jobs/8/status/ status=200
2026-09-25 09:08:25,376 [INFO] vulnscan.audit: REQUEST user=admin role=ADMIN method=GET path=/scanning/jobs/8/status/ status=200
2026-09-25 09:08:29,392 [INFO] vulnscan.audit: REQUEST user=admin role=ADMIN method=GET path=/scanning/jobs/8/status/ status=200
2026-09-25 09:08:33,321 [INFO] vulnscan.audit: SCAN_COMPLETED job=8 target=192.168.111.163
2026-09-25 09:08:33,365 [INFO] vulnscan.audit: CORRELATION_COMPLETE job=8 findings=0
2026-09-25 09:08:33,412 [INFO] vulnscan.audit: REQUEST user=admin role=ADMIN method=GET path=/scanning/jobs/8/status/ status=200
2026-09-25 09:08:34,356 [INFO] vulnscan.audit: REQUEST user=admin role=ADMIN method=GET path=/scanning/jobs/8/ status=200
2026-09-25 09:10:29,605 [INFO] vulnscan.audit: REQUEST user=admin role=ADMIN method=GET path=/scanning/targets/6/trend/ status=200
2026-09-25 09:10:57,726 [INFO] vulnscan.audit: REQUEST user=admin role=ADMIN method=GET path=/scanning/ status=200
2026-09-25 09:10:59,900 [INFO] vulnscan.audit: REQUEST user=admin role=ADMIN method=GET path=/scanning/targets/add/ status=200
2026-09-25 09:11:08,465 [INFO] vulnscan.audit: REQUEST user=admin role=ADMIN method=POST path=/scanning/targets/add/ status=302
2026-09-25 09:11:08,529 [INFO] vulnscan.audit: REQUEST user=admin role=ADMIN method=GET path=/scanning/ status=200
2026-09-25 09:11:12,662 [INFO] vulnscan.audit: REQUEST user=admin role=ADMIN method=POST path=/scanning/launch/ status=302
2026-09-25 09:11:12,678 [INFO] vulnscan.audit: REQUEST user=admin role=ADMIN method=GET path=/scanning/jobs/9/ status=200
2026-09-25 09:11:16,711 [INFO] vulnscan.audit: REQUEST user=admin role=ADMIN method=GET path=/scanning/jobs/9/status/ status=200
2026-09-25 09:11:20,756 [INFO] vulnscan.audit: REQUEST user=admin role=ADMIN method=GET path=/scanning/jobs/9/status/ status=200
2026-09-25 09:11:25,166 [INFO] vulnscan.audit: REQUEST user=admin role=ADMIN method=GET path=/scanning/jobs/9/status/ status=200
2026-09-25 09:11:29,529 [INFO] vulnscan.audit: REQUEST user=admin role=ADMIN method=GET path=/scanning/jobs/9/status/ status=200
2026-09-25 09:11:34,133 [INFO] vulnscan.audit: REQUEST user=admin role=ADMIN method=GET path=/scanning/jobs/9/status/ status=200
2026-09-25 09:11:38,145 [INFO] vulnscan.audit: REQUEST user=admin role=ADMIN method=GET path=/scanning/jobs/9/status/ status=200
2026-09-25 09:11:42,162 [INFO] vulnscan.audit: REQUEST user=admin role=ADMIN method=GET path=/scanning/jobs/9/status/ status=200
2026-09-25 09:11:43,765 [INFO] vulnscan.audit: REQUEST user=admin role=ADMIN method=GET path=/analytics/ status=200
2026-09-25 09:15:12,927 [INFO] vulnscan.audit: REQUEST user=admin role=ADMIN method=GET path=/scanning/ status=200
2026-09-25 09:15:24,773 [INFO] vulnscan.audit: REQUEST user=admin role=ADMIN method=GET path=/vulnassess/ status=200
2026-09-25 09:15:28,862 [ERROR] vulnscan.audit: SCAN_FAILED job=9 error=Nmap execution failed: 'Error from pcap_next_ex: The interface disappeared (error code ERROR_DEVICE_REMOVED/STATUS_DEVICE_REMOVED)\r\n\r\n'
2026-09-25 09:15:28,862 [ERROR] vulnscan.audit: Unhandled error running scan job 9
Traceback (most recent call last):
  File "C:\Users\asus\OneDrive\Documents\IT21\vulnscan_system_updated (1)\vulnscan_system\.venv\Lib\site-packages\nmap\nmap.py", line 369, in analyse_nmap_xml_scan
    dom = ET.fromstring(self._nmap_last_output)
          ^^^^^^^^^^^^^^^^^^^^^^^^^^^^^^^^^^^^^
  File "C:\Users\asus\AppData\Local\Programs\Python\Python312\Lib\xml\etree\ElementTree.py", line 1336, in XML
    return parser.close()
           ^^^^^^^^^^^^^^
xml.etree.ElementTree.ParseError: no element found: line 9, column 0

During handling of the above exception, another exception occurred:

Traceback (most recent call last):
  File "C:\Users\asus\OneDrive\Documents\IT21\vulnscan_system_updated (1)\vulnscan_system\scanning\engine.py", line 235, in run_nmap_scan
    scanner.scan(hosts=target, arguments=arguments, timeout=settings.SCAN_DEFAULT_TIMEOUT_SECONDS)
  File "C:\Users\asus\OneDrive\Documents\IT21\vulnscan_system_updated (1)\vulnscan_system\.venv\Lib\site-packages\nmap\nmap.py", line 306, in scan
    return self.analyse_nmap_xml_scan(
           ^^^^^^^^^^^^^^^^^^^^^^^^^^^
  File "C:\Users\asus\OneDrive\Documents\IT21\vulnscan_system_updated (1)\vulnscan_system\.venv\Lib\site-packages\nmap\nmap.py", line 372, in analyse_nmap_xml_scan
    raise PortScannerError(nmap_err)
nmap.nmap.PortScannerError: 'Error from pcap_next_ex: The interface disappeared (error code ERROR_DEVICE_REMOVED/STATUS_DEVICE_REMOVED)\r\n\r\n'

The above exception was the direct cause of the following exception:

Traceback (most recent call last):
  File "C:\Users\asus\OneDrive\Documents\IT21\vulnscan_system_updated (1)\vulnscan_system\scanning\views.py", line 81, in _run_job_safely
    execute_scan_job(job)
  File "C:\Users\asus\OneDrive\Documents\IT21\vulnscan_system_updated (1)\vulnscan_system\scanning\engine.py", line 306, in execute_scan_job
    nmap_results = run_nmap_scan(job.target.ip_or_cidr, job.nmap_arguments)
                   ^^^^^^^^^^^^^^^^^^^^^^^^^^^^^^^^^^^^^^^^^^^^^^^^^^^^^^^^
  File "C:\Users\asus\OneDrive\Documents\IT21\vulnscan_system_updated (1)\vulnscan_system\scanning\engine.py", line 237, in run_nmap_scan
    raise ScanExecutionError(f"Nmap execution failed: {exc}") from exc
scanning.engine.ScanExecutionError: Nmap execution failed: 'Error from pcap_next_ex: The interface disappeared (error code ERROR_DEVICE_REMOVED/STATUS_DEVICE_REMOVED)\r\n\r\n'
2026-09-25 09:15:30,839 [INFO] vulnscan.audit: REQUEST user=admin role=ADMIN method=GET path=/reports/ status=200
2026-09-25 09:15:34,134 [INFO] vulnscan.audit: REQUEST user=admin role=ADMIN method=GET path=/scanning/ status=200
2026-09-25 09:15:36,811 [INFO] vulnscan.audit: REQUEST user=admin role=ADMIN method=GET path=/scanning/jobs/9/ status=200
2026-09-25 09:15:44,587 [INFO] vulnscan.audit: REQUEST user=admin role=ADMIN method=GET path=/scanning/ status=200
2026-09-25 09:15:48,367 [INFO] vulnscan.audit: REQUEST user=admin role=ADMIN method=POST path=/scanning/launch/ status=302
2026-09-25 09:15:48,380 [INFO] vulnscan.audit: REQUEST user=admin role=ADMIN method=GET path=/scanning/jobs/10/ status=200
2026-09-25 09:15:52,410 [INFO] vulnscan.audit: REQUEST user=admin role=ADMIN method=GET path=/scanning/jobs/10/status/ status=200
2026-09-25 09:15:56,424 [INFO] vulnscan.audit: REQUEST user=admin role=ADMIN method=GET path=/scanning/jobs/10/status/ status=200
2026-09-25 09:16:00,436 [INFO] vulnscan.audit: REQUEST user=admin role=ADMIN method=GET path=/scanning/jobs/10/status/ status=200
2026-09-25 09:16:04,453 [INFO] vulnscan.audit: REQUEST user=admin role=ADMIN method=GET path=/scanning/jobs/10/status/ status=200
2026-09-25 09:16:08,467 [INFO] vulnscan.audit: REQUEST user=admin role=ADMIN method=GET path=/scanning/jobs/10/status/ status=200
2026-09-25 09:16:12,480 [INFO] vulnscan.audit: REQUEST user=admin role=ADMIN method=GET path=/scanning/jobs/10/status/ status=200
2026-09-25 09:16:16,497 [INFO] vulnscan.audit: REQUEST user=admin role=ADMIN method=GET path=/scanning/jobs/10/status/ status=200
2026-09-25 09:16:20,508 [INFO] vulnscan.audit: REQUEST user=admin role=ADMIN method=GET path=/scanning/jobs/10/status/ status=200
2026-09-25 09:16:24,524 [INFO] vulnscan.audit: REQUEST user=admin role=ADMIN method=GET path=/scanning/jobs/10/status/ status=200
2026-09-25 09:16:28,539 [INFO] vulnscan.audit: REQUEST user=admin role=ADMIN method=GET path=/scanning/jobs/10/status/ status=200
2026-09-25 09:16:32,554 [INFO] vulnscan.audit: REQUEST user=admin role=ADMIN method=GET path=/scanning/jobs/10/status/ status=200
2026-09-25 09:16:36,569 [INFO] vulnscan.audit: REQUEST user=admin role=ADMIN method=GET path=/scanning/jobs/10/status/ status=200
2026-09-25 09:16:40,582 [INFO] vulnscan.audit: REQUEST user=admin role=ADMIN method=GET path=/scanning/jobs/10/status/ status=200
2026-09-25 09:16:44,598 [INFO] vulnscan.audit: REQUEST user=admin role=ADMIN method=GET path=/scanning/jobs/10/status/ status=200
2026-09-25 09:16:48,608 [INFO] vulnscan.audit: REQUEST user=admin role=ADMIN method=GET path=/scanning/jobs/10/status/ status=200
2026-09-25 09:16:52,622 [INFO] vulnscan.audit: REQUEST user=admin role=ADMIN method=GET path=/scanning/jobs/10/status/ status=200
2026-09-25 09:16:56,633 [INFO] vulnscan.audit: REQUEST user=admin role=ADMIN method=GET path=/scanning/jobs/10/status/ status=200
2026-09-25 09:17:00,650 [INFO] vulnscan.audit: REQUEST user=admin role=ADMIN method=GET path=/scanning/jobs/10/status/ status=200
2026-09-25 09:17:04,663 [INFO] vulnscan.audit: REQUEST user=admin role=ADMIN method=GET path=/scanning/jobs/10/status/ status=200
2026-09-25 09:17:08,674 [INFO] vulnscan.audit: REQUEST user=admin role=ADMIN method=GET path=/scanning/jobs/10/status/ status=200
2026-09-25 09:17:12,690 [INFO] vulnscan.audit: REQUEST user=admin role=ADMIN method=GET path=/scanning/jobs/10/status/ status=200
2026-09-25 09:17:16,701 [INFO] vulnscan.audit: REQUEST user=admin role=ADMIN method=GET path=/scanning/jobs/10/status/ status=200
2026-09-25 09:17:20,712 [INFO] vulnscan.audit: REQUEST user=admin role=ADMIN method=GET path=/scanning/jobs/10/status/ status=200
2026-09-25 09:17:24,726 [INFO] vulnscan.audit: REQUEST user=admin role=ADMIN method=GET path=/scanning/jobs/10/status/ status=200
2026-09-25 09:17:28,747 [INFO] vulnscan.audit: REQUEST user=admin role=ADMIN method=GET path=/scanning/jobs/10/status/ status=200
2026-09-25 09:17:32,765 [INFO] vulnscan.audit: REQUEST user=admin role=ADMIN method=GET path=/scanning/jobs/10/status/ status=200
2026-09-25 09:17:36,777 [INFO] vulnscan.audit: REQUEST user=admin role=ADMIN method=GET path=/scanning/jobs/10/status/ status=200
2026-09-25 09:17:40,791 [INFO] vulnscan.audit: REQUEST user=admin role=ADMIN method=GET path=/scanning/jobs/10/status/ status=200
2026-09-25 09:17:44,814 [INFO] vulnscan.audit: REQUEST user=admin role=ADMIN method=GET path=/scanning/jobs/10/status/ status=200
2026-09-25 09:17:50,414 [INFO] vulnscan.audit: REQUEST user=admin role=ADMIN method=GET path=/scanning/jobs/10/status/ status=200
2026-09-25 09:17:54,425 [INFO] vulnscan.audit: REQUEST user=admin role=ADMIN method=GET path=/scanning/jobs/10/status/ status=200
2026-09-25 09:17:58,443 [INFO] vulnscan.audit: REQUEST user=admin role=ADMIN method=GET path=/scanning/jobs/10/status/ status=200
2026-09-25 09:18:02,456 [INFO] vulnscan.audit: REQUEST user=admin role=ADMIN method=GET path=/scanning/jobs/10/status/ status=200
2026-09-25 09:18:06,470 [INFO] vulnscan.audit: REQUEST user=admin role=ADMIN method=GET path=/scanning/jobs/10/status/ status=200
2026-09-25 09:18:11,213 [INFO] vulnscan.audit: REQUEST user=admin role=ADMIN method=GET path=/scanning/jobs/10/status/ status=200
2026-09-25 09:18:16,208 [INFO] vulnscan.audit: REQUEST user=admin role=ADMIN method=GET path=/scanning/jobs/10/status/ status=200
2026-09-25 09:18:21,204 [INFO] vulnscan.audit: REQUEST user=admin role=ADMIN method=GET path=/scanning/jobs/10/status/ status=200
2026-09-25 09:18:26,217 [INFO] vulnscan.audit: REQUEST user=admin role=ADMIN method=GET path=/scanning/jobs/10/status/ status=200
2026-09-25 09:18:27,216 [INFO] vulnscan.audit: REQUEST user=admin role=ADMIN method=GET path=/scanning/jobs/10/ status=200
2026-09-25 09:18:31,241 [INFO] vulnscan.audit: REQUEST user=admin role=ADMIN method=GET path=/scanning/jobs/10/status/ status=200
2026-09-25 09:18:35,253 [INFO] vulnscan.audit: REQUEST user=admin role=ADMIN method=GET path=/scanning/jobs/10/status/ status=200
2026-09-25 09:18:39,267 [INFO] vulnscan.audit: REQUEST user=admin role=ADMIN method=GET path=/scanning/jobs/10/status/ status=200
2026-09-25 09:18:43,279 [INFO] vulnscan.audit: REQUEST user=admin role=ADMIN method=GET path=/scanning/jobs/10/status/ status=200
2026-09-25 09:18:47,295 [INFO] vulnscan.audit: REQUEST user=admin role=ADMIN method=GET path=/scanning/jobs/10/status/ status=200
2026-09-25 09:18:51,312 [INFO] vulnscan.audit: REQUEST user=admin role=ADMIN method=GET path=/scanning/jobs/10/status/ status=200
2026-09-25 09:18:55,342 [INFO] vulnscan.audit: REQUEST user=admin role=ADMIN method=GET path=/scanning/jobs/10/status/ status=200
2026-09-25 09:18:59,364 [INFO] vulnscan.audit: REQUEST user=admin role=ADMIN method=GET path=/scanning/jobs/10/status/ status=200
2026-09-25 09:19:03,381 [INFO] vulnscan.audit: REQUEST user=admin role=ADMIN method=GET path=/scanning/jobs/10/status/ status=200
2026-09-25 09:19:07,393 [INFO] vulnscan.audit: REQUEST user=admin role=ADMIN method=GET path=/scanning/jobs/10/status/ status=200
2026-09-25 09:19:11,408 [INFO] vulnscan.audit: REQUEST user=admin role=ADMIN method=GET path=/scanning/jobs/10/status/ status=200
2026-09-25 09:19:15,426 [INFO] vulnscan.audit: REQUEST user=admin role=ADMIN method=GET path=/scanning/jobs/10/status/ status=200
2026-09-25 09:19:19,438 [INFO] vulnscan.audit: REQUEST user=admin role=ADMIN method=GET path=/scanning/jobs/10/status/ status=200
2026-09-25 09:19:24,229 [INFO] vulnscan.audit: REQUEST user=admin role=ADMIN method=GET path=/scanning/jobs/10/status/ status=200
2026-09-25 09:19:29,222 [INFO] vulnscan.audit: REQUEST user=admin role=ADMIN method=GET path=/scanning/jobs/10/status/ status=200
2026-09-25 09:19:34,226 [INFO] vulnscan.audit: REQUEST user=admin role=ADMIN method=GET path=/scanning/jobs/10/status/ status=200
2026-09-25 09:19:39,222 [INFO] vulnscan.audit: REQUEST user=admin role=ADMIN method=GET path=/scanning/jobs/10/status/ status=200
2026-09-25 09:19:44,230 [INFO] vulnscan.audit: REQUEST user=admin role=ADMIN method=GET path=/scanning/jobs/10/status/ status=200
2026-09-25 09:19:49,219 [INFO] vulnscan.audit: REQUEST user=admin role=ADMIN method=GET path=/scanning/jobs/10/status/ status=200
2026-09-25 09:19:54,230 [INFO] vulnscan.audit: REQUEST user=admin role=ADMIN method=GET path=/scanning/jobs/10/status/ status=200
2026-09-25 09:19:59,225 [INFO] vulnscan.audit: REQUEST user=admin role=ADMIN method=GET path=/scanning/jobs/10/status/ status=200
2026-09-25 09:20:03,237 [INFO] vulnscan.audit: REQUEST user=admin role=ADMIN method=GET path=/scanning/jobs/10/status/ status=200
2026-09-25 09:20:08,233 [INFO] vulnscan.audit: REQUEST user=admin role=ADMIN method=GET path=/scanning/jobs/10/status/ status=200
2026-09-25 09:20:13,222 [INFO] vulnscan.audit: REQUEST user=admin role=ADMIN method=GET path=/scanning/jobs/10/status/ status=200
2026-09-25 09:20:17,740 [INFO] vulnscan.audit: REQUEST user=admin role=ADMIN method=GET path=/scanning/jobs/10/status/ status=200
2026-09-25 09:20:21,753 [INFO] vulnscan.audit: REQUEST user=admin role=ADMIN method=GET path=/scanning/jobs/10/status/ status=200
2026-09-25 09:20:25,772 [INFO] vulnscan.audit: REQUEST user=admin role=ADMIN method=GET path=/scanning/jobs/10/status/ status=200
2026-09-25 09:20:29,788 [INFO] vulnscan.audit: REQUEST user=admin role=ADMIN method=GET path=/scanning/jobs/10/status/ status=200
2026-09-25 09:20:33,803 [INFO] vulnscan.audit: REQUEST user=admin role=ADMIN method=GET path=/scanning/jobs/10/status/ status=200
2026-09-25 09:20:37,817 [INFO] vulnscan.audit: REQUEST user=admin role=ADMIN method=GET path=/scanning/jobs/10/status/ status=200
2026-09-25 09:20:41,830 [INFO] vulnscan.audit: REQUEST user=admin role=ADMIN method=GET path=/scanning/jobs/10/status/ status=200
2026-09-25 09:20:45,846 [INFO] vulnscan.audit: REQUEST user=admin role=ADMIN method=GET path=/scanning/jobs/10/status/ status=200
2026-09-25 09:20:50,233 [INFO] vulnscan.audit: REQUEST user=admin role=ADMIN method=GET path=/scanning/jobs/10/status/ status=200
2026-09-25 09:20:55,234 [INFO] vulnscan.audit: REQUEST user=admin role=ADMIN method=GET path=/scanning/jobs/10/status/ status=200
2026-09-25 09:21:00,237 [INFO] vulnscan.audit: REQUEST user=admin role=ADMIN method=GET path=/scanning/jobs/10/status/ status=200
2026-09-25 09:21:05,246 [INFO] vulnscan.audit: REQUEST user=admin role=ADMIN method=GET path=/scanning/jobs/10/status/ status=200
2026-09-25 09:21:10,235 [INFO] vulnscan.audit: REQUEST user=admin role=ADMIN method=GET path=/scanning/jobs/10/status/ status=200
2026-09-25 09:21:15,234 [INFO] vulnscan.audit: REQUEST user=admin role=ADMIN method=GET path=/scanning/jobs/10/status/ status=200
2026-09-25 09:21:20,240 [INFO] vulnscan.audit: REQUEST user=admin role=ADMIN method=GET path=/scanning/jobs/10/status/ status=200
2026-09-25 09:21:25,244 [INFO] vulnscan.audit: REQUEST user=admin role=ADMIN method=GET path=/scanning/jobs/10/status/ status=200
2026-09-25 09:21:30,238 [INFO] vulnscan.audit: REQUEST user=admin role=ADMIN method=GET path=/scanning/jobs/10/status/ status=200
2026-09-25 09:21:35,240 [INFO] vulnscan.audit: REQUEST user=admin role=ADMIN method=GET path=/scanning/jobs/10/status/ status=200
2026-09-25 09:21:40,241 [INFO] vulnscan.audit: REQUEST user=admin role=ADMIN method=GET path=/scanning/jobs/10/status/ status=200
2026-09-25 09:21:45,242 [INFO] vulnscan.audit: REQUEST user=admin role=ADMIN method=GET path=/scanning/jobs/10/status/ status=200
2026-09-25 09:21:50,241 [INFO] vulnscan.audit: REQUEST user=admin role=ADMIN method=GET path=/scanning/jobs/10/status/ status=200
2026-09-25 09:21:55,241 [INFO] vulnscan.audit: REQUEST user=admin role=ADMIN method=GET path=/scanning/jobs/10/status/ status=200
2026-09-25 09:22:00,254 [INFO] vulnscan.audit: REQUEST user=admin role=ADMIN method=GET path=/scanning/jobs/10/status/ status=200
2026-09-25 09:22:05,240 [INFO] vulnscan.audit: REQUEST user=admin role=ADMIN method=GET path=/scanning/jobs/10/status/ status=200
2026-09-25 09:22:10,245 [INFO] vulnscan.audit: REQUEST user=admin role=ADMIN method=GET path=/scanning/jobs/10/status/ status=200
2026-09-25 09:22:15,244 [INFO] vulnscan.audit: REQUEST user=admin role=ADMIN method=GET path=/scanning/jobs/10/status/ status=200
2026-09-25 09:22:20,247 [INFO] vulnscan.audit: REQUEST user=admin role=ADMIN method=GET path=/scanning/jobs/10/status/ status=200
2026-09-25 09:22:25,250 [INFO] vulnscan.audit: REQUEST user=admin role=ADMIN method=GET path=/scanning/jobs/10/status/ status=200
2026-09-25 09:22:30,261 [INFO] vulnscan.audit: REQUEST user=admin role=ADMIN method=GET path=/scanning/jobs/10/status/ status=200
2026-09-25 09:22:35,257 [INFO] vulnscan.audit: REQUEST user=admin role=ADMIN method=GET path=/scanning/jobs/10/status/ status=200
2026-09-25 09:22:40,257 [INFO] vulnscan.audit: REQUEST user=admin role=ADMIN method=GET path=/scanning/jobs/10/status/ status=200
2026-09-25 09:22:45,262 [INFO] vulnscan.audit: REQUEST user=admin role=ADMIN method=GET path=/scanning/jobs/10/status/ status=200
2026-09-25 09:22:49,280 [INFO] vulnscan.audit: REQUEST user=admin role=ADMIN method=GET path=/scanning/jobs/10/status/ status=200
2026-09-25 09:22:53,294 [INFO] vulnscan.audit: REQUEST user=admin role=ADMIN method=GET path=/scanning/jobs/10/status/ status=200
2026-09-25 09:22:57,309 [INFO] vulnscan.audit: REQUEST user=admin role=ADMIN method=GET path=/scanning/jobs/10/status/ status=200
2026-09-25 09:23:01,323 [INFO] vulnscan.audit: REQUEST user=admin role=ADMIN method=GET path=/scanning/jobs/10/status/ status=200
2026-09-25 09:23:05,337 [INFO] vulnscan.audit: REQUEST user=admin role=ADMIN method=GET path=/scanning/jobs/10/status/ status=200
2026-09-25 09:23:09,349 [INFO] vulnscan.audit: REQUEST user=admin role=ADMIN method=GET path=/scanning/jobs/10/status/ status=200
2026-09-25 09:23:13,367 [INFO] vulnscan.audit: REQUEST user=admin role=ADMIN method=GET path=/scanning/jobs/10/status/ status=200
2026-09-25 09:23:15,021 [INFO] vulnscan.audit: REQUEST user=admin role=ADMIN method=GET path=/scanning/jobs/10/ status=200
2026-09-25 09:23:19,115 [INFO] vulnscan.audit: REQUEST user=admin role=ADMIN method=GET path=/scanning/jobs/10/status/ status=200
2026-09-25 09:23:23,259 [INFO] vulnscan.audit: REQUEST user=admin role=ADMIN method=GET path=/scanning/jobs/10/status/ status=200
2026-09-25 09:23:28,261 [INFO] vulnscan.audit: REQUEST user=admin role=ADMIN method=GET path=/scanning/jobs/10/status/ status=200
2026-09-25 09:23:33,256 [INFO] vulnscan.audit: REQUEST user=admin role=ADMIN method=GET path=/scanning/jobs/10/status/ status=200
2026-09-25 09:23:38,267 [INFO] vulnscan.audit: REQUEST user=admin role=ADMIN method=GET path=/scanning/jobs/10/status/ status=200
2026-09-25 09:23:43,260 [INFO] vulnscan.audit: REQUEST user=admin role=ADMIN method=GET path=/scanning/jobs/10/status/ status=200
2026-09-25 09:23:47,275 [INFO] vulnscan.audit: REQUEST user=admin role=ADMIN method=GET path=/scanning/jobs/10/status/ status=200
2026-09-25 09:23:51,286 [INFO] vulnscan.audit: REQUEST user=admin role=ADMIN method=GET path=/scanning/jobs/10/status/ status=200
2026-09-25 09:23:55,303 [INFO] vulnscan.audit: REQUEST user=admin role=ADMIN method=GET path=/scanning/jobs/10/status/ status=200
2026-09-25 09:23:59,320 [INFO] vulnscan.audit: REQUEST user=admin role=ADMIN method=GET path=/scanning/jobs/10/status/ status=200
2026-09-25 09:24:03,338 [INFO] vulnscan.audit: REQUEST user=admin role=ADMIN method=GET path=/scanning/jobs/10/status/ status=200
2026-09-25 09:24:07,354 [INFO] vulnscan.audit: REQUEST user=admin role=ADMIN method=GET path=/scanning/jobs/10/status/ status=200
2026-09-25 09:24:11,369 [INFO] vulnscan.audit: REQUEST user=admin role=ADMIN method=GET path=/scanning/jobs/10/status/ status=200
2026-09-25 09:24:15,385 [INFO] vulnscan.audit: REQUEST user=admin role=ADMIN method=GET path=/scanning/jobs/10/status/ status=200
2026-09-25 09:24:19,400 [INFO] vulnscan.audit: REQUEST user=admin role=ADMIN method=GET path=/scanning/jobs/10/status/ status=200
2026-09-25 09:24:23,418 [INFO] vulnscan.audit: REQUEST user=admin role=ADMIN method=GET path=/scanning/jobs/10/status/ status=200
2026-09-25 09:24:27,430 [INFO] vulnscan.audit: REQUEST user=admin role=ADMIN method=GET path=/scanning/jobs/10/status/ status=200
2026-09-25 09:24:32,271 [INFO] vulnscan.audit: REQUEST user=admin role=ADMIN method=GET path=/scanning/jobs/10/status/ status=200
2026-09-25 09:24:37,271 [INFO] vulnscan.audit: REQUEST user=admin role=ADMIN method=GET path=/scanning/jobs/10/status/ status=200
2026-09-25 09:24:42,218 [INFO] vulnscan.audit: REQUEST user=admin role=ADMIN method=GET path=/scanning/jobs/10/status/ status=200
2026-09-25 09:24:46,234 [INFO] vulnscan.audit: REQUEST user=admin role=ADMIN method=GET path=/scanning/jobs/10/status/ status=200
2026-09-25 09:24:50,249 [INFO] vulnscan.audit: REQUEST user=admin role=ADMIN method=GET path=/scanning/jobs/10/status/ status=200
2026-09-25 09:24:54,263 [INFO] vulnscan.audit: REQUEST user=admin role=ADMIN method=GET path=/scanning/jobs/10/status/ status=200
2026-09-25 09:24:58,279 [INFO] vulnscan.audit: REQUEST user=admin role=ADMIN method=GET path=/scanning/jobs/10/status/ status=200
2026-09-25 09:25:02,291 [INFO] vulnscan.audit: REQUEST user=admin role=ADMIN method=GET path=/scanning/jobs/10/status/ status=200
2026-09-25 09:25:06,307 [INFO] vulnscan.audit: REQUEST user=admin role=ADMIN method=GET path=/scanning/jobs/10/status/ status=200
2026-09-25 09:25:10,321 [INFO] vulnscan.audit: REQUEST user=admin role=ADMIN method=GET path=/scanning/jobs/10/status/ status=200
2026-09-25 09:25:14,331 [INFO] vulnscan.audit: REQUEST user=admin role=ADMIN method=GET path=/scanning/jobs/10/status/ status=200
2026-09-25 09:25:18,343 [INFO] vulnscan.audit: REQUEST user=admin role=ADMIN method=GET path=/scanning/jobs/10/status/ status=200
2026-09-25 09:25:22,354 [INFO] vulnscan.audit: REQUEST user=admin role=ADMIN method=GET path=/scanning/jobs/10/status/ status=200
2026-09-25 09:25:26,371 [INFO] vulnscan.audit: REQUEST user=admin role=ADMIN method=GET path=/scanning/jobs/10/status/ status=200
2026-09-25 09:25:30,383 [INFO] vulnscan.audit: REQUEST user=admin role=ADMIN method=GET path=/scanning/jobs/10/status/ status=200
2026-09-25 09:25:34,400 [INFO] vulnscan.audit: REQUEST user=admin role=ADMIN method=GET path=/scanning/jobs/10/status/ status=200
2026-09-25 09:25:38,410 [INFO] vulnscan.audit: REQUEST user=admin role=ADMIN method=GET path=/scanning/jobs/10/status/ status=200
2026-09-25 09:25:42,425 [INFO] vulnscan.audit: REQUEST user=admin role=ADMIN method=GET path=/scanning/jobs/10/status/ status=200
2026-09-25 09:25:46,442 [INFO] vulnscan.audit: REQUEST user=admin role=ADMIN method=GET path=/scanning/jobs/10/status/ status=200
2026-09-25 09:25:48,565 [ERROR] vulnscan.audit: SCAN_FAILED job=10 error=Nmap execution failed: 'Timeout from nmap process'
2026-09-25 09:25:48,565 [ERROR] vulnscan.audit: Unhandled error running scan job 10
Traceback (most recent call last):
  File "C:\Users\asus\OneDrive\Documents\IT21\vulnscan_system_updated (1)\vulnscan_system\.venv\Lib\site-packages\nmap\nmap.py", line 278, in scan
    (self._nmap_last_output, nmap_err) = p.communicate(timeout=timeout)
                                         ^^^^^^^^^^^^^^^^^^^^^^^^^^^^^^
  File "C:\Users\asus\AppData\Local\Programs\Python\Python312\Lib\subprocess.py", line 1211, in communicate
    stdout, stderr = self._communicate(input, endtime, timeout)
                     ^^^^^^^^^^^^^^^^^^^^^^^^^^^^^^^^^^^^^^^^^^
  File "C:\Users\asus\AppData\Local\Programs\Python\Python312\Lib\subprocess.py", line 1632, in _communicate
    raise TimeoutExpired(self.args, orig_timeout)
subprocess.TimeoutExpired: Command '['nmap', '-oX', '-', '192.168.0.0/16', '-sV', '-O', '--top-ports', '100']' timed out after 600 seconds

During handling of the above exception, another exception occurred:

Traceback (most recent call last):
  File "C:\Users\asus\OneDrive\Documents\IT21\vulnscan_system_updated (1)\vulnscan_system\scanning\engine.py", line 235, in run_nmap_scan
    scanner.scan(hosts=target, arguments=arguments, timeout=settings.SCAN_DEFAULT_TIMEOUT_SECONDS)
  File "C:\Users\asus\OneDrive\Documents\IT21\vulnscan_system_updated (1)\vulnscan_system\.venv\Lib\site-packages\nmap\nmap.py", line 281, in scan
    raise PortScannerTimeout("Timeout from nmap process")
nmap.nmap.PortScannerTimeout: 'Timeout from nmap process'

The above exception was the direct cause of the following exception:

Traceback (most recent call last):
  File "C:\Users\asus\OneDrive\Documents\IT21\vulnscan_system_updated (1)\vulnscan_system\scanning\views.py", line 81, in _run_job_safely
    execute_scan_job(job)
  File "C:\Users\asus\OneDrive\Documents\IT21\vulnscan_system_updated (1)\vulnscan_system\scanning\engine.py", line 306, in execute_scan_job
    nmap_results = run_nmap_scan(job.target.ip_or_cidr, job.nmap_arguments)
                   ^^^^^^^^^^^^^^^^^^^^^^^^^^^^^^^^^^^^^^^^^^^^^^^^^^^^^^^^
  File "C:\Users\asus\OneDrive\Documents\IT21\vulnscan_system_updated (1)\vulnscan_system\scanning\engine.py", line 237, in run_nmap_scan
    raise ScanExecutionError(f"Nmap execution failed: {exc}") from exc
scanning.engine.ScanExecutionError: Nmap execution failed: 'Timeout from nmap process'
2026-09-25 09:25:50,456 [INFO] vulnscan.audit: REQUEST user=admin role=ADMIN method=GET path=/scanning/jobs/10/status/ status=200
2026-09-25 09:25:51,383 [INFO] vulnscan.audit: REQUEST user=admin role=ADMIN method=GET path=/scanning/jobs/10/ status=200
2026-09-25 09:29:12,464 [INFO] vulnscan.audit: REQUEST user=admin role=ADMIN method=GET path=/scanning/ status=200
2026-09-25 09:30:36,972 [INFO] vulnscan.audit: REQUEST user=admin role=ADMIN method=GET path=/scanning/ status=200
2026-09-25 09:30:38,237 [INFO] vulnscan.audit: REQUEST user=admin role=ADMIN method=GET path=/scanning/ status=200
2026-09-25 09:30:44,397 [INFO] vulnscan.audit: REQUEST user=admin role=ADMIN method=GET path=/scanning/ status=200
2026-09-25 09:31:47,351 [INFO] vulnscan.audit: REQUEST user=admin role=ADMIN method=GET path=/scanning/ status=200
2026-09-25 09:33:12,137 [INFO] vulnscan.audit: REQUEST user=admin role=ADMIN method=GET path=/scanning/ status=200
2026-09-25 09:33:27,059 [INFO] vulnscan.audit: REQUEST user=admin role=ADMIN method=GET path=/scanning/ status=200
2026-09-25 09:33:27,646 [INFO] vulnscan.audit: REQUEST user=admin role=ADMIN method=GET path=/scanning/ status=200
2026-09-25 09:33:27,975 [INFO] vulnscan.audit: REQUEST user=admin role=ADMIN method=GET path=/scanning/ status=200
2026-09-25 09:33:28,200 [INFO] vulnscan.audit: REQUEST user=admin role=ADMIN method=GET path=/scanning/ status=200
2026-09-25 09:33:38,488 [INFO] vulnscan.audit: REQUEST user=admin role=ADMIN method=GET path=/scanning/ status=200
2026-09-25 09:34:24,482 [INFO] vulnscan.audit: REQUEST user=admin role=ADMIN method=GET path=/scanning/ status=200
2026-09-25 09:37:34,938 [INFO] vulnscan.audit: REQUEST user=admin role=ADMIN method=GET path=/ status=200
2026-09-25 09:41:07,564 [INFO] vulnscan.audit: REQUEST user=admin role=ADMIN method=GET path=/ status=200
2026-09-25 09:41:23,490 [INFO] vulnscan.audit: REQUEST user=admin role=ADMIN method=GET path=/ status=200
2026-09-25 09:41:41,071 [INFO] vulnscan.audit: REQUEST user=admin role=ADMIN method=GET path=/analytics/ status=200
2026-09-25 09:42:02,274 [INFO] vulnscan.audit: REQUEST user=admin role=ADMIN method=GET path=/ status=200
2026-09-25 09:42:17,155 [INFO] vulnscan.audit: REQUEST user=admin role=ADMIN method=GET path=/analytics/ status=200
2026-09-25 09:42:45,989 [INFO] vulnscan.audit: REQUEST user=admin role=ADMIN method=GET path=/analytics/ status=200
2026-09-25 09:43:05,648 [INFO] vulnscan.audit: REQUEST user=admin role=ADMIN method=GET path=/scanning/ status=200
2026-09-25 09:43:16,511 [INFO] vulnscan.audit: REQUEST user=admin role=ADMIN method=POST path=/scanning/launch/ status=302
2026-09-25 09:43:16,534 [INFO] vulnscan.audit: REQUEST user=admin role=ADMIN method=GET path=/scanning/jobs/11/ status=200
2026-09-25 09:43:20,606 [INFO] vulnscan.audit: REQUEST user=admin role=ADMIN method=GET path=/scanning/jobs/11/status/ status=200
2026-09-25 09:43:24,731 [INFO] vulnscan.audit: REQUEST user=admin role=ADMIN method=GET path=/scanning/jobs/11/status/ status=200
2026-09-25 09:43:28,845 [INFO] vulnscan.audit: REQUEST user=admin role=ADMIN method=GET path=/scanning/jobs/11/status/ status=200
2026-09-25 09:43:33,015 [INFO] vulnscan.audit: REQUEST user=admin role=ADMIN method=GET path=/scanning/jobs/11/status/ status=200
2026-09-25 09:43:37,539 [INFO] vulnscan.audit: REQUEST user=admin role=ADMIN method=GET path=/scanning/jobs/11/status/ status=200
2026-09-25 09:43:42,539 [INFO] vulnscan.audit: REQUEST user=admin role=ADMIN method=GET path=/scanning/jobs/11/status/ status=200
2026-09-25 09:43:47,565 [INFO] vulnscan.audit: REQUEST user=admin role=ADMIN method=GET path=/scanning/jobs/11/status/ status=200
2026-09-25 09:43:52,599 [INFO] vulnscan.audit: REQUEST user=admin role=ADMIN method=GET path=/scanning/jobs/11/status/ status=200
2026-09-25 09:43:56,899 [INFO] vulnscan.audit: REQUEST user=admin role=ADMIN method=GET path=/scanning/jobs/11/status/ status=200
2026-09-25 09:43:59,330 [INFO] vulnscan.audit: REQUEST user=admin role=ADMIN method=GET path=/scanning/ status=200
2026-09-25 09:44:01,248 [INFO] vulnscan.audit: REQUEST user=admin role=ADMIN method=GET path=/vulnassess/ status=200
2026-09-25 09:44:04,146 [INFO] vulnscan.audit: REQUEST user=admin role=ADMIN method=GET path=/analytics/ status=200
2026-09-25 09:44:28,685 [INFO] vulnscan.audit: REQUEST user=admin role=ADMIN method=GET path=/analytics/ status=200
2026-09-25 09:44:29,811 [INFO] vulnscan.audit: REQUEST user=admin role=ADMIN method=GET path=/analytics/ status=200
2026-09-25 09:44:32,498 [INFO] vulnscan.audit: REQUEST user=admin role=ADMIN method=GET path=/analytics/ status=200
2026-09-25 09:44:34,538 [INFO] vulnscan.audit: REQUEST user=admin role=ADMIN method=GET path=/analytics/ status=200
2026-09-25 09:44:36,191 [INFO] vulnscan.audit: REQUEST user=admin role=ADMIN method=GET path=/analytics/ status=200
2026-09-25 09:44:37,580 [INFO] vulnscan.audit: REQUEST user=admin role=ADMIN method=GET path=/analytics/ status=200
2026-09-25 09:44:39,742 [INFO] vulnscan.audit: REQUEST user=admin role=ADMIN method=GET path=/analytics/ status=200
2026-09-25 09:44:42,386 [INFO] vulnscan.audit: REQUEST user=admin role=ADMIN method=GET path=/analytics/ status=200
2026-09-25 09:44:43,925 [INFO] vulnscan.audit: REQUEST user=admin role=ADMIN method=GET path=/analytics/ status=200
2026-09-25 09:44:48,979 [INFO] vulnscan.audit: REQUEST user=admin role=ADMIN method=GET path=/ status=200
2026-09-25 09:44:51,390 [INFO] vulnscan.audit: REQUEST user=admin role=ADMIN method=GET path=/analytics/ status=200
2026-09-25 09:44:53,055 [INFO] vulnscan.audit: REQUEST user=admin role=ADMIN method=GET path=/scanning/ status=200
2026-09-25 09:44:54,596 [INFO] vulnscan.audit: REQUEST user=admin role=ADMIN method=GET path=/reports/ status=200
2026-09-25 09:44:56,617 [INFO] vulnscan.audit: REQUEST user=admin role=ADMIN method=GET path=/vulnassess/ status=200
2026-09-25 09:44:58,616 [INFO] vulnscan.audit: REQUEST user=admin role=ADMIN method=GET path=/accounts/logs/ status=200
2026-09-25 09:45:03,117 [INFO] vulnscan.audit: REQUEST user=admin role=ADMIN method=GET path=/accounts/logs/ status=200
2026-09-25 09:45:05,980 [INFO] vulnscan.audit: REQUEST user=admin role=ADMIN method=GET path=/accounts/logs/ status=200
2026-09-25 09:45:11,934 [INFO] vulnscan.audit: REQUEST user=admin role=ADMIN method=GET path=/accounts/logs/ status=200
2026-09-25 09:45:39,867 [INFO] vulnscan.audit: REQUEST user=admin role=ADMIN method=GET path=/ status=200
2026-09-25 09:45:43,046 [INFO] vulnscan.audit: REQUEST user=admin role=ADMIN method=GET path=/scanning/ status=200
2026-09-25 09:46:01,945 [INFO] vulnscan.audit: REQUEST user=admin role=ADMIN method=GET path=/scanning/jobs/5/ status=200
2026-09-25 09:46:06,518 [INFO] vulnscan.audit: REQUEST user=admin role=ADMIN method=GET path=/scanning/targets/4/trend/ status=200
2026-09-25 09:46:42,220 [INFO] vulnscan.audit: Successful login: username=admin role=ADMIN ip=127.0.0.1
2026-09-25 09:46:42,265 [INFO] vulnscan.audit: REQUEST user=admin role=ADMIN method=POST path=/accounts/login/ status=302
2026-09-25 09:46:43,162 [INFO] vulnscan.audit: REQUEST user=admin role=ADMIN method=GET path=/ status=200
2026-09-25 09:46:51,430 [INFO] vulnscan.audit: REQUEST user=admin role=ADMIN method=GET path=/ status=200
2026-09-25 09:46:56,866 [INFO] vulnscan.audit: REQUEST user=admin role=ADMIN method=GET path=/ status=200
2026-09-25 09:47:13,980 [INFO] vulnscan.audit: REQUEST user=admin role=ADMIN method=GET path=/ status=200
2026-09-25 09:47:18,159 [INFO] vulnscan.audit: REQUEST user=admin role=ADMIN method=GET path=/ status=200
2026-09-25 09:47:31,062 [INFO] vulnscan.audit: REQUEST user=admin role=ADMIN method=GET path=/ status=200
2026-09-25 09:48:18,258 [INFO] vulnscan.audit: REQUEST user=admin role=ADMIN method=GET path=/analytics/ status=200
2026-09-25 09:48:23,635 [INFO] vulnscan.audit: REQUEST user=admin role=ADMIN method=GET path=/scanning/ status=200
2026-09-25 09:48:31,530 [INFO] vulnscan.audit: REQUEST user=admin role=ADMIN method=GET path=/ status=200
2026-09-25 09:48:52,337 [INFO] vulnscan.audit: REQUEST user=admin role=ADMIN method=GET path=/analytics/ status=200
2026-09-25 09:49:08,949 [INFO] vulnscan.audit: REQUEST user=admin role=ADMIN method=GET path=/scanning/ status=200
2026-09-25 09:49:34,334 [INFO] vulnscan.audit: REQUEST user=admin role=ADMIN method=GET path=/scanning/jobs/10/ status=200
2026-09-25 09:49:45,122 [INFO] vulnscan.audit: REQUEST user=admin role=ADMIN method=GET path=/scanning/ status=200
2026-09-25 09:50:30,596 [INFO] vulnscan.audit: REQUEST user=admin role=ADMIN method=GET path=/scanning/targets/add/ status=200
2026-09-25 09:50:50,211 [INFO] vulnscan.audit: REQUEST user=admin role=ADMIN method=POST path=/scanning/targets/add/ status=302
2026-09-25 09:50:50,638 [INFO] vulnscan.audit: REQUEST user=admin role=ADMIN method=GET path=/scanning/ status=200
2026-09-25 09:51:39,953 [INFO] vulnscan.audit: REQUEST user=admin role=ADMIN method=POST path=/scanning/launch/ status=302
2026-09-25 09:51:40,326 [INFO] vulnscan.audit: REQUEST user=admin role=ADMIN method=GET path=/scanning/jobs/12/ status=200
2026-09-25 09:51:44,192 [INFO] vulnscan.audit: SCAN_COMPLETED job=12 target=10.132.4.233
2026-09-25 09:51:44,252 [INFO] vulnscan.audit: CORRELATION_COMPLETE job=12 findings=0
2026-09-25 09:51:48,392 [INFO] vulnscan.audit: REQUEST user=admin role=ADMIN method=GET path=/scanning/jobs/12/status/ status=200
2026-09-25 09:51:50,800 [INFO] vulnscan.audit: REQUEST user=admin role=ADMIN method=GET path=/scanning/jobs/12/ status=200
2026-09-25 09:51:57,803 [INFO] vulnscan.audit: REQUEST user=admin role=ADMIN method=GET path=/scanning/targets/8/trend/ status=200
2026-09-25 09:52:06,268 [INFO] vulnscan.audit: REQUEST user=admin role=ADMIN method=GET path=/scanning/ status=200
2026-09-25 09:53:50,849 [INFO] vulnscan.audit: REQUEST user=admin role=ADMIN method=GET path=/scanning/targets/add/ status=200
2026-09-25 09:54:16,335 [INFO] vulnscan.audit: REQUEST user=admin role=ADMIN method=POST path=/scanning/targets/add/ status=302
2026-09-25 09:54:16,720 [INFO] vulnscan.audit: REQUEST user=admin role=ADMIN method=GET path=/scanning/ status=200
2026-09-25 09:54:25,291 [INFO] vulnscan.audit: REQUEST user=admin role=ADMIN method=POST path=/scanning/launch/ status=302
2026-09-25 09:54:25,696 [INFO] vulnscan.audit: REQUEST user=admin role=ADMIN method=GET path=/scanning/jobs/13/ status=200
2026-09-25 09:54:30,058 [INFO] vulnscan.audit: REQUEST user=admin role=ADMIN method=GET path=/scanning/jobs/13/status/ status=200
2026-09-25 09:54:34,513 [INFO] vulnscan.audit: REQUEST user=admin role=ADMIN method=GET path=/scanning/jobs/13/status/ status=200
2026-09-25 09:54:38,872 [INFO] vulnscan.audit: REQUEST user=admin role=ADMIN method=GET path=/scanning/jobs/13/status/ status=200
2026-09-25 09:54:41,468 [INFO] vulnscan.audit: SCAN_COMPLETED job=13 target=192.168.111.233
2026-09-25 09:54:41,841 [INFO] vulnscan.audit: CORRELATION_COMPLETE job=13 findings=1
2026-09-25 09:54:43,028 [INFO] vulnscan.audit: REQUEST user=admin role=ADMIN method=GET path=/scanning/ status=200
2026-09-25 09:54:43,225 [INFO] vulnscan.audit: REQUEST user=admin role=ADMIN method=GET path=/scanning/jobs/13/status/ status=200
2026-09-25 09:55:12,476 [INFO] vulnscan.audit: REQUEST user=admin role=ADMIN method=GET path=/scanning/jobs/13/ status=200
2026-09-25 09:55:25,811 [INFO] vulnscan.audit: REQUEST user=admin role=ADMIN method=GET path=/scanning/targets/9/trend/ status=200
2026-09-25 09:55:43,143 [INFO] vulnscan.audit: REQUEST user=admin role=ADMIN method=GET path=/scanning/ status=200
2026-09-25 09:55:48,072 [INFO] vulnscan.audit: REQUEST user=admin role=ADMIN method=GET path=/scanning/jobs/13/ status=200
2026-09-25 09:55:51,904 [INFO] vulnscan.audit: REQUEST user=admin role=ADMIN method=GET path=/reports/generate/13/pdf/ status=302
2026-09-25 09:55:52,168 [INFO] vulnscan.audit: REQUEST user=admin role=ADMIN method=GET path=/reports/ status=200
2026-09-25 09:56:10,203 [INFO] vulnscan.audit: REQUEST user=admin role=ADMIN method=GET path=/ status=200
2026-09-25 09:58:46,195 [INFO] vulnscan.audit: REQUEST user=admin role=ADMIN method=GET path=/scanning/ status=200
2026-09-25 09:58:51,251 [INFO] vulnscan.audit: REQUEST user=admin role=ADMIN method=GET path=/scanning/jobs/13/ status=200
2026-09-25 09:58:53,102 [INFO] vulnscan.audit: REQUEST user=admin role=ADMIN method=GET path=/scanning/targets/9/trend/ status=200
2026-09-25 12:58:35,793 [INFO] vulnscan.audit: Successful login: username=admin role=ADMIN ip=127.0.0.1
2026-09-25 12:58:35,794 [INFO] vulnscan.audit: REQUEST user=admin role=ADMIN method=POST path=/accounts/login/ status=302
2026-09-25 12:58:35,945 [INFO] vulnscan.audit: REQUEST user=admin role=ADMIN method=GET path=/ status=200
2026-09-25 12:58:42,985 [INFO] vulnscan.audit: REQUEST user=admin role=ADMIN method=GET path=/analytics/ status=200
2026-09-25 12:58:44,702 [INFO] vulnscan.audit: REQUEST user=admin role=ADMIN method=GET path=/scanning/ status=200
2026-09-25 12:58:52,064 [INFO] vulnscan.audit: REQUEST user=admin role=ADMIN method=POST path=/scanning/launch/ status=302
2026-09-25 12:58:52,104 [INFO] vulnscan.audit: REQUEST user=admin role=ADMIN method=GET path=/scanning/jobs/14/ status=200
2026-09-25 12:58:56,131 [INFO] vulnscan.audit: REQUEST user=admin role=ADMIN method=GET path=/scanning/jobs/14/status/ status=200
2026-09-25 12:59:00,148 [INFO] vulnscan.audit: REQUEST user=admin role=ADMIN method=GET path=/scanning/jobs/14/status/ status=200
2026-09-25 12:59:05,065 [INFO] vulnscan.audit: REQUEST user=admin role=ADMIN method=GET path=/scanning/jobs/14/status/ status=200
2026-09-25 12:59:07,594 [INFO] vulnscan.audit: SCAN_COMPLETED job=14 target=10.132.4.233
2026-09-25 12:59:07,598 [INFO] vulnscan.audit: CORRELATION_COMPLETE job=14 findings=0
2026-09-25 12:59:09,080 [INFO] vulnscan.audit: REQUEST user=admin role=ADMIN method=GET path=/scanning/jobs/14/status/ status=200
2026-09-25 12:59:10,017 [INFO] vulnscan.audit: REQUEST user=admin role=ADMIN method=GET path=/scanning/jobs/14/ status=200
2026-09-25 12:59:15,451 [INFO] vulnscan.audit: REQUEST user=admin role=ADMIN method=GET path=/scanning/targets/8/trend/ status=200
2026-09-25 12:59:25,236 [INFO] vulnscan.audit: REQUEST user=admin role=ADMIN method=GET path=/ status=200
2026-09-25 13:02:09,855 [INFO] vulnscan.audit: REQUEST user=admin role=ADMIN method=GET path=/ status=500
2026-09-25 13:02:17,574 [INFO] vulnscan.audit: REQUEST user=admin role=ADMIN method=GET path=/scanning/ status=500
2026-09-25 13:02:25,572 [INFO] vulnscan.audit: REQUEST user=admin role=ADMIN method=GET path=/scanning/ status=500
2026-09-25 13:02:26,671 [INFO] vulnscan.audit: REQUEST user=admin role=ADMIN method=GET path=/scanning/ status=500
2026-09-25 13:02:29,862 [INFO] vulnscan.audit: REQUEST user=admin role=ADMIN method=GET path=/accounts/manage/ status=200
2026-09-25 13:02:31,204 [INFO] vulnscan.audit: REQUEST user=admin role=ADMIN method=GET path=/accounts/logs/ status=200
2026-09-25 13:02:32,555 [INFO] vulnscan.audit: REQUEST user=admin role=ADMIN method=GET path=/ status=500
2026-09-25 13:02:35,908 [INFO] vulnscan.audit: REQUEST user=admin role=ADMIN method=GET path=/accounts/manage/ status=200
2026-09-25 13:04:15,940 [INFO] vulnscan.audit: REQUEST user=admin role=ADMIN method=GET path=/accounts/manage/ status=200
2026-09-25 13:04:20,128 [INFO] vulnscan.audit: REQUEST user=admin role=ADMIN method=GET path=/accounts/manage/ status=200
2026-09-25 13:04:22,449 [INFO] vulnscan.audit: REQUEST user=admin role=ADMIN method=GET path=/scanning/ status=200
2026-09-25 13:04:26,721 [INFO] vulnscan.audit: REQUEST user=admin role=ADMIN method=GET path=/scanning/targets/add/ status=200
2026-09-25 13:04:34,477 [INFO] vulnscan.audit: REQUEST user=admin role=ADMIN method=GET path=/scanning/targets/wifi/ status=200
2026-09-25 13:04:35,164 [INFO] vulnscan.audit: REQUEST user=admin role=ADMIN method=GET path=/scanning/targets/wifi/ status=200
2026-09-25 13:04:36,061 [INFO] vulnscan.audit: REQUEST user=admin role=ADMIN method=GET path=/scanning/targets/wifi/ status=200
2026-09-25 13:04:59,833 [INFO] vulnscan.audit: REQUEST user=admin role=ADMIN method=POST path=/scanning/targets/add/ status=302
2026-09-25 13:04:59,873 [INFO] vulnscan.audit: REQUEST user=admin role=ADMIN method=GET path=/scanning/ status=200
2026-09-25 13:05:05,193 [INFO] vulnscan.audit: REQUEST user=admin role=ADMIN method=POST path=/scanning/launch/ status=302
2026-09-25 13:05:05,217 [INFO] vulnscan.audit: REQUEST user=admin role=ADMIN method=GET path=/scanning/jobs/15/ status=200
2026-09-25 13:05:09,244 [INFO] vulnscan.audit: REQUEST user=admin role=ADMIN method=GET path=/scanning/jobs/15/status/ status=200
2026-09-25 13:05:14,096 [INFO] vulnscan.audit: REQUEST user=admin role=ADMIN method=GET path=/scanning/jobs/15/status/ status=200
2026-09-25 13:05:18,123 [INFO] vulnscan.audit: REQUEST user=admin role=ADMIN method=GET path=/scanning/jobs/15/status/ status=200
2026-09-25 13:21:21,407 [INFO] vulnscan.audit: Successful login: username=admin role=ADMIN ip=127.0.0.1
2026-09-25 13:21:21,410 [INFO] vulnscan.audit: REQUEST user=admin role=ADMIN method=POST path=/accounts/login/ status=302
2026-09-25 13:21:21,628 [INFO] vulnscan.audit: REQUEST user=admin role=ADMIN method=GET path=/ status=500
2026-09-25 13:21:31,295 [INFO] vulnscan.audit: REQUEST user=admin role=ADMIN method=GET path=/ status=500
2026-09-25 13:21:32,259 [INFO] vulnscan.audit: REQUEST user=admin role=ADMIN method=GET path=/ status=500
2026-09-25 13:21:32,879 [INFO] vulnscan.audit: REQUEST user=admin role=ADMIN method=GET path=/ status=500
2026-09-25 13:21:35,889 [INFO] vulnscan.audit: REQUEST user=admin role=ADMIN method=GET path=/ status=500
2026-09-25 13:21:46,505 [INFO] vulnscan.audit: REQUEST user=admin role=ADMIN method=GET path=/accounts/login/ status=200
2026-09-25 13:21:56,292 [WARNING] vulnscan.audit: Failed login: username=security ip=127.0.0.1
2026-09-25 13:21:56,298 [INFO] vulnscan.audit: REQUEST user=admin role=ADMIN method=POST path=/accounts/login/ status=200
2026-09-25 13:21:58,747 [WARNING] vulnscan.audit: Failed login: username=security ip=127.0.0.1
2026-09-25 13:21:58,752 [INFO] vulnscan.audit: REQUEST user=admin role=ADMIN method=POST path=/accounts/login/ status=200
2026-09-25 13:22:08,251 [WARNING] vulnscan.audit: Failed login: username=User ip=127.0.0.1
2026-09-25 13:22:08,256 [INFO] vulnscan.audit: REQUEST user=admin role=ADMIN method=POST path=/accounts/login/ status=200
2026-09-25 13:22:17,254 [INFO] vulnscan.audit: Successful login: username=admin role=ADMIN ip=127.0.0.1
2026-09-25 13:22:17,255 [INFO] vulnscan.audit: REQUEST user=admin role=ADMIN method=POST path=/accounts/login/ status=302
2026-09-25 13:22:17,358 [INFO] vulnscan.audit: REQUEST user=admin role=ADMIN method=GET path=/ status=500
2026-09-25 13:22:44,374 [INFO] vulnscan.audit: REQUEST user=admin role=ADMIN method=GET path=/ status=200
2026-09-25 13:23:04,707 [INFO] vulnscan.audit: REQUEST user=admin role=ADMIN method=GET path=/scanning/ status=200
2026-09-25 13:23:17,555 [INFO] vulnscan.audit: REQUEST user=admin role=ADMIN method=GET path=/scanning/targets/add/ status=200
2026-09-25 13:23:19,539 [INFO] vulnscan.audit: REQUEST user=admin role=ADMIN method=GET path=/scanning/targets/wifi/ status=200
2026-09-25 13:23:20,815 [INFO] vulnscan.audit: REQUEST user=admin role=ADMIN method=GET path=/scanning/targets/wifi/ status=200
2026-09-25 13:23:21,713 [INFO] vulnscan.audit: REQUEST user=admin role=ADMIN method=GET path=/scanning/targets/wifi/ status=200
2026-09-25 13:23:22,487 [INFO] vulnscan.audit: REQUEST user=admin role=ADMIN method=GET path=/scanning/targets/wifi/ status=200
2026-09-25 13:23:24,616 [INFO] vulnscan.audit: REQUEST user=admin role=ADMIN method=POST path=/scanning/targets/add/ status=302
2026-09-25 13:23:24,635 [INFO] vulnscan.audit: REQUEST user=admin role=ADMIN method=GET path=/scanning/ status=200
2026-09-25 13:23:29,355 [INFO] vulnscan.audit: REQUEST user=admin role=ADMIN method=POST path=/scanning/launch/ status=302
2026-09-25 13:23:29,385 [INFO] vulnscan.audit: REQUEST user=admin role=ADMIN method=GET path=/scanning/jobs/8/ status=200
2026-09-25 13:23:33,052 [INFO] vulnscan.audit: REQUEST user=admin role=ADMIN method=GET path=/vulnassess/ status=200
2026-09-25 13:23:34,878 [INFO] vulnscan.audit: REQUEST user=admin role=ADMIN method=GET path=/ status=200
2026-09-25 13:28:53,111 [INFO] vulnscan.audit: REQUEST user=admin role=ADMIN method=GET path=/scanning/ status=200
2026-09-25 13:28:55,220 [INFO] vulnscan.audit: REQUEST user=admin role=ADMIN method=GET path=/scanning/jobs/8/ status=200
2026-09-25 13:28:59,244 [INFO] vulnscan.audit: REQUEST user=admin role=ADMIN method=GET path=/scanning/jobs/8/status/ status=200
2026-09-25 13:29:03,254 [INFO] vulnscan.audit: REQUEST user=admin role=ADMIN method=GET path=/scanning/jobs/8/status/ status=200
2026-09-25 13:29:07,267 [INFO] vulnscan.audit: REQUEST user=admin role=ADMIN method=GET path=/scanning/jobs/8/status/ status=200
2026-09-25 13:29:11,281 [INFO] vulnscan.audit: REQUEST user=admin role=ADMIN method=GET path=/scanning/jobs/8/status/ status=200
2026-09-25 13:29:15,295 [INFO] vulnscan.audit: REQUEST user=admin role=ADMIN method=GET path=/scanning/jobs/8/status/ status=200
2026-09-25 13:29:19,313 [INFO] vulnscan.audit: REQUEST user=admin role=ADMIN method=GET path=/scanning/jobs/8/status/ status=200
2026-09-25 13:29:23,323 [INFO] vulnscan.audit: REQUEST user=admin role=ADMIN method=GET path=/scanning/jobs/8/status/ status=200
2026-09-25 13:29:27,338 [INFO] vulnscan.audit: REQUEST user=admin role=ADMIN method=GET path=/scanning/jobs/8/status/ status=200
2026-09-25 13:29:31,351 [INFO] vulnscan.audit: REQUEST user=admin role=ADMIN method=GET path=/scanning/jobs/8/status/ status=200
2026-09-25 13:29:35,365 [INFO] vulnscan.audit: REQUEST user=admin role=ADMIN method=GET path=/scanning/jobs/8/status/ status=200
2026-09-25 13:29:39,377 [INFO] vulnscan.audit: REQUEST user=admin role=ADMIN method=GET path=/scanning/jobs/8/status/ status=200
2026-09-25 13:29:43,393 [INFO] vulnscan.audit: REQUEST user=admin role=ADMIN method=GET path=/scanning/jobs/8/status/ status=200
2026-09-25 13:29:47,406 [INFO] vulnscan.audit: REQUEST user=admin role=ADMIN method=GET path=/scanning/jobs/8/status/ status=200
2026-09-25 13:29:51,419 [INFO] vulnscan.audit: REQUEST user=admin role=ADMIN method=GET path=/scanning/jobs/8/status/ status=200
2026-09-25 13:29:55,433 [INFO] vulnscan.audit: REQUEST user=admin role=ADMIN method=GET path=/scanning/jobs/8/status/ status=200
2026-09-25 13:29:59,446 [INFO] vulnscan.audit: REQUEST user=admin role=ADMIN method=GET path=/scanning/jobs/8/status/ status=200
2026-09-25 13:30:03,461 [INFO] vulnscan.audit: REQUEST user=admin role=ADMIN method=GET path=/scanning/jobs/8/status/ status=200
2026-09-25 13:30:07,475 [INFO] vulnscan.audit: REQUEST user=admin role=ADMIN method=GET path=/scanning/jobs/8/status/ status=200
2026-09-25 13:30:11,493 [INFO] vulnscan.audit: REQUEST user=admin role=ADMIN method=GET path=/scanning/jobs/8/status/ status=200
2026-09-25 13:30:15,503 [INFO] vulnscan.audit: REQUEST user=admin role=ADMIN method=GET path=/scanning/jobs/8/status/ status=200
2026-09-25 13:30:19,516 [INFO] vulnscan.audit: REQUEST user=admin role=ADMIN method=GET path=/scanning/jobs/8/status/ status=200
2026-09-25 13:30:23,531 [INFO] vulnscan.audit: REQUEST user=admin role=ADMIN method=GET path=/scanning/jobs/8/status/ status=200
2026-09-25 13:30:27,543 [INFO] vulnscan.audit: REQUEST user=admin role=ADMIN method=GET path=/scanning/jobs/8/status/ status=200
2026-09-25 13:30:31,555 [INFO] vulnscan.audit: REQUEST user=admin role=ADMIN method=GET path=/scanning/jobs/8/status/ status=200
2026-09-25 13:30:35,565 [INFO] vulnscan.audit: REQUEST user=admin role=ADMIN method=GET path=/scanning/jobs/8/status/ status=200
2026-09-25 13:30:39,580 [INFO] vulnscan.audit: REQUEST user=admin role=ADMIN method=GET path=/scanning/jobs/8/status/ status=200
2026-09-25 13:30:43,591 [INFO] vulnscan.audit: REQUEST user=admin role=ADMIN method=GET path=/scanning/jobs/8/status/ status=200
2026-09-25 13:30:47,606 [INFO] vulnscan.audit: REQUEST user=admin role=ADMIN method=GET path=/scanning/jobs/8/status/ status=200
2026-09-25 13:30:51,616 [INFO] vulnscan.audit: REQUEST user=admin role=ADMIN method=GET path=/scanning/jobs/8/status/ status=200
2026-09-25 13:30:55,625 [INFO] vulnscan.audit: REQUEST user=admin role=ADMIN method=GET path=/scanning/jobs/8/status/ status=200
2026-09-25 13:30:59,638 [INFO] vulnscan.audit: REQUEST user=admin role=ADMIN method=GET path=/scanning/jobs/8/status/ status=200
2026-09-25 13:31:03,647 [INFO] vulnscan.audit: REQUEST user=admin role=ADMIN method=GET path=/scanning/jobs/8/status/ status=200
2026-09-25 13:31:07,660 [INFO] vulnscan.audit: REQUEST user=admin role=ADMIN method=GET path=/scanning/jobs/8/status/ status=200
2026-09-25 13:31:11,673 [INFO] vulnscan.audit: REQUEST user=admin role=ADMIN method=GET path=/scanning/jobs/8/status/ status=200
2026-09-25 13:31:15,684 [INFO] vulnscan.audit: REQUEST user=admin role=ADMIN method=GET path=/scanning/jobs/8/status/ status=200
2026-09-25 13:31:19,695 [INFO] vulnscan.audit: REQUEST user=admin role=ADMIN method=GET path=/scanning/jobs/8/status/ status=200
2026-09-25 13:31:23,710 [INFO] vulnscan.audit: REQUEST user=admin role=ADMIN method=GET path=/scanning/jobs/8/status/ status=200
2026-09-25 13:31:27,722 [INFO] vulnscan.audit: REQUEST user=admin role=ADMIN method=GET path=/scanning/jobs/8/status/ status=200
2026-09-25 13:31:31,736 [INFO] vulnscan.audit: REQUEST user=admin role=ADMIN method=GET path=/scanning/jobs/8/status/ status=200
2026-09-25 13:31:35,750 [INFO] vulnscan.audit: REQUEST user=admin role=ADMIN method=GET path=/scanning/jobs/8/status/ status=200
2026-09-25 13:31:39,763 [INFO] vulnscan.audit: REQUEST user=admin role=ADMIN method=GET path=/scanning/jobs/8/status/ status=200
2026-09-25 13:31:43,777 [INFO] vulnscan.audit: REQUEST user=admin role=ADMIN method=GET path=/scanning/jobs/8/status/ status=200
2026-09-25 13:31:47,790 [INFO] vulnscan.audit: REQUEST user=admin role=ADMIN method=GET path=/scanning/jobs/8/status/ status=200
2026-09-25 13:31:52,470 [INFO] vulnscan.audit: REQUEST user=admin role=ADMIN method=GET path=/scanning/jobs/8/status/ status=200
2026-09-25 13:31:55,596 [INFO] vulnscan.audit: REQUEST user=admin role=ADMIN method=GET path=/scanning/jobs/8/ status=200
2026-09-25 13:31:59,625 [INFO] vulnscan.audit: REQUEST user=admin role=ADMIN method=GET path=/scanning/jobs/8/status/ status=200
2026-09-25 13:31:59,780 [INFO] vulnscan.audit: REQUEST user=admin role=ADMIN method=GET path=/scanning/jobs/8/ status=200
2026-09-25 13:32:03,804 [INFO] vulnscan.audit: REQUEST user=admin role=ADMIN method=GET path=/scanning/jobs/8/status/ status=200
2026-09-25 13:32:07,819 [INFO] vulnscan.audit: REQUEST user=admin role=ADMIN method=GET path=/scanning/jobs/8/status/ status=200
2026-09-25 13:32:11,833 [INFO] vulnscan.audit: REQUEST user=admin role=ADMIN method=GET path=/scanning/jobs/8/status/ status=200
2026-09-25 13:32:15,847 [INFO] vulnscan.audit: REQUEST user=admin role=ADMIN method=GET path=/scanning/jobs/8/status/ status=200
2026-09-25 13:32:19,860 [INFO] vulnscan.audit: REQUEST user=admin role=ADMIN method=GET path=/scanning/jobs/8/status/ status=200
2026-09-25 13:32:23,873 [INFO] vulnscan.audit: REQUEST user=admin role=ADMIN method=GET path=/scanning/jobs/8/status/ status=200
2026-09-25 13:32:27,888 [INFO] vulnscan.audit: REQUEST user=admin role=ADMIN method=GET path=/scanning/jobs/8/status/ status=200
2026-09-25 13:32:31,904 [INFO] vulnscan.audit: REQUEST user=admin role=ADMIN method=GET path=/scanning/jobs/8/status/ status=200
2026-09-25 13:32:33,809 [INFO] vulnscan.audit: REQUEST user=admin role=ADMIN method=GET path=/scanning/ status=200
2026-09-25 13:32:48,214 [INFO] vulnscan.audit: REQUEST user=admin role=ADMIN method=POST path=/scanning/launch/ status=302
2026-09-25 13:32:48,258 [INFO] vulnscan.audit: REQUEST user=admin role=ADMIN method=GET path=/scanning/jobs/9/ status=200
2026-09-25 13:32:53,098 [INFO] vulnscan.audit: REQUEST user=admin role=ADMIN method=GET path=/scanning/jobs/9/status/ status=200
2026-09-25 13:32:58,110 [INFO] vulnscan.audit: REQUEST user=admin role=ADMIN method=GET path=/scanning/jobs/9/status/ status=200
2026-09-25 13:33:02,094 [INFO] vulnscan.audit: REQUEST user=admin role=ADMIN method=GET path=/scanning/jobs/9/ status=200
2026-09-25 13:33:02,603 [INFO] vulnscan.audit: REQUEST user=admin role=ADMIN method=GET path=/scanning/jobs/9/ status=200
2026-09-25 13:33:02,867 [INFO] vulnscan.audit: REQUEST user=admin role=ADMIN method=GET path=/scanning/jobs/9/ status=200
2026-09-25 13:33:04,446 [INFO] vulnscan.audit: REQUEST user=admin role=ADMIN method=GET path=/scanning/ status=200
2026-09-25 13:33:06,219 [INFO] vulnscan.audit: REQUEST user=admin role=ADMIN method=GET path=/ status=200
2026-09-25 13:33:09,898 [INFO] vulnscan.audit: REQUEST user=admin role=ADMIN method=GET path=/analytics/ status=200
2026-09-25 13:33:13,059 [INFO] vulnscan.audit: REQUEST user=admin role=ADMIN method=GET path=/ status=200
2026-09-25 13:33:41,331 [INFO] vulnscan.audit: REQUEST user=admin role=ADMIN method=GET path=/ status=200
2026-09-25 13:33:44,737 [INFO] vulnscan.audit: REQUEST user=admin role=ADMIN method=GET path=/analytics/ status=200
2026-09-25 13:33:47,571 [INFO] vulnscan.audit: REQUEST user=admin role=ADMIN method=GET path=/scanning/ status=200
2026-09-25 13:33:59,158 [INFO] vulnscan.audit: REQUEST user=admin role=ADMIN method=GET path=/scanning/targets/add/ status=200
2026-09-25 13:34:03,938 [INFO] vulnscan.audit: REQUEST user=admin role=ADMIN method=GET path=/scanning/targets/wifi/ status=200
2026-09-25 13:34:17,830 [INFO] vulnscan.audit: REQUEST user=admin role=ADMIN method=GET path=/scanning/targets/wifi/ status=200
2026-09-25 13:34:17,943 [INFO] vulnscan.audit: REQUEST user=admin role=ADMIN method=GET path=/scanning/targets/wifi/ status=200
2026-09-25 13:34:18,052 [INFO] vulnscan.audit: REQUEST user=admin role=ADMIN method=GET path=/scanning/targets/wifi/ status=200
2026-09-25 13:34:19,983 [INFO] vulnscan.audit: REQUEST user=admin role=ADMIN method=GET path=/scanning/targets/wifi/ status=200
2026-09-25 13:34:30,521 [INFO] vulnscan.audit: REQUEST user=admin role=ADMIN method=GET path=/scanning/targets/wifi/ status=200
2026-09-25 13:36:16,712 [INFO] vulnscan.audit: REQUEST user=admin role=ADMIN method=GET path=/scanning/targets/wifi/ status=200
2026-09-25 13:36:17,620 [INFO] vulnscan.audit: REQUEST user=admin role=ADMIN method=GET path=/scanning/targets/wifi/ status=200
2026-09-25 13:36:41,235 [INFO] vulnscan.audit: REQUEST user=admin role=ADMIN method=POST path=/scanning/targets/add/ status=302
2026-09-25 13:36:41,251 [INFO] vulnscan.audit: REQUEST user=admin role=ADMIN method=GET path=/scanning/ status=200
2026-09-25 13:36:46,631 [INFO] vulnscan.audit: REQUEST user=admin role=ADMIN method=POST path=/scanning/launch/ status=302
2026-09-25 13:36:46,678 [INFO] vulnscan.audit: REQUEST user=admin role=ADMIN method=GET path=/scanning/jobs/10/ status=200
2026-09-25 13:36:50,702 [INFO] vulnscan.audit: REQUEST user=admin role=ADMIN method=GET path=/scanning/jobs/10/status/ status=200
2026-09-25 13:36:51,898 [INFO] vulnscan.audit: REQUEST user=admin role=ADMIN method=GET path=/ status=200
2026-09-25 13:37:01,268 [INFO] vulnscan.audit: SCAN_COMPLETED job=10 target=10.4.26.230
2026-09-25 13:37:01,285 [INFO] vulnscan.audit: CORRELATION_COMPLETE job=10 findings=1
2026-09-25 13:39:56,160 [INFO] vulnscan.audit: REQUEST user=admin role=ADMIN method=GET path=/scanning/ status=200
2026-09-25 13:39:58,236 [INFO] vulnscan.audit: REQUEST user=admin role=ADMIN method=GET path=/scanning/targets/add/ status=200
2026-09-25 13:39:58,376 [INFO] vulnscan.audit: REQUEST user=admin role=ADMIN method=GET path=/scanning/targets/wifi/ status=200
2026-09-25 13:40:00,683 [INFO] vulnscan.audit: REQUEST user=admin role=ADMIN method=GET path=/scanning/targets/wifi/ status=200
2026-09-25 13:40:01,753 [INFO] vulnscan.audit: REQUEST user=admin role=ADMIN method=GET path=/scanning/targets/wifi/ status=200
2026-09-25 13:40:02,652 [INFO] vulnscan.audit: REQUEST user=admin role=ADMIN method=GET path=/scanning/targets/wifi/ status=200
2026-09-25 13:40:04,895 [INFO] vulnscan.audit: REQUEST user=admin role=ADMIN method=GET path=/scanning/targets/wifi/ status=200
2026-09-25 13:40:12,920 [INFO] vulnscan.audit: REQUEST user=admin role=ADMIN method=GET path=/scanning/targets/wifi/ status=200
2026-09-25 13:42:08,875 [INFO] vulnscan.audit: REQUEST user=admin role=ADMIN method=GET path=/scanning/targets/wifi/ status=200
2026-09-25 13:42:09,764 [INFO] vulnscan.audit: REQUEST user=admin role=ADMIN method=GET path=/scanning/targets/wifi/ status=200
2026-09-25 13:42:10,608 [INFO] vulnscan.audit: REQUEST user=admin role=ADMIN method=GET path=/scanning/targets/wifi/ status=200
2026-09-25 13:42:17,539 [INFO] vulnscan.audit: REQUEST user=admin role=ADMIN method=GET path=/scanning/ status=200
2026-09-25 13:42:20,183 [INFO] vulnscan.audit: REQUEST user=admin role=ADMIN method=GET path=/scanning/jobs/10/ status=200
2026-09-25 13:42:25,102 [INFO] vulnscan.audit: REQUEST user=admin role=ADMIN method=GET path=/scanning/targets/6/trend/ status=200
2026-09-25 13:42:29,422 [INFO] vulnscan.audit: REQUEST user=admin role=ADMIN method=GET path=/scanning/ status=200
2026-09-25 13:42:32,424 [INFO] vulnscan.audit: REQUEST user=admin role=ADMIN method=GET path=/scanning/jobs/7/ status=200
2026-09-25 13:42:35,765 [INFO] vulnscan.audit: REQUEST user=admin role=ADMIN method=GET path=/reports/ status=200
2026-09-25 13:42:37,154 [INFO] vulnscan.audit: REQUEST user=admin role=ADMIN method=GET path=/vulnassess/ status=200
2026-09-25 13:42:37,932 [INFO] vulnscan.audit: REQUEST user=admin role=ADMIN method=GET path=/scanning/ status=200
2026-09-25 13:42:39,447 [INFO] vulnscan.audit: REQUEST user=admin role=ADMIN method=GET path=/scanning/jobs/10/ status=200
2026-09-25 13:42:41,494 [INFO] vulnscan.audit: REQUEST user=admin role=ADMIN method=GET path=/reports/generate/10/pdf/ status=302
2026-09-25 13:42:41,510 [INFO] vulnscan.audit: REQUEST user=admin role=ADMIN method=GET path=/reports/ status=200
2026-09-25 13:42:43,719 [INFO] vulnscan.audit: REQUEST user=admin role=ADMIN method=GET path=/analytics/ status=200
2026-09-25 13:42:44,900 [INFO] vulnscan.audit: REQUEST user=admin role=ADMIN method=GET path=/ status=200
2026-09-25 13:44:32,894 [INFO] vulnscan.audit: REQUEST user=admin role=ADMIN method=GET path=/scanning/ status=200
2026-09-25 13:44:34,834 [INFO] vulnscan.audit: REQUEST user=admin role=ADMIN method=GET path=/scanning/targets/add/ status=200
2026-09-25 13:44:34,987 [INFO] vulnscan.audit: REQUEST user=admin role=ADMIN method=GET path=/scanning/targets/wifi/ status=200
2026-09-25 13:44:37,863 [INFO] vulnscan.audit: REQUEST user=admin role=ADMIN method=GET path=/scanning/targets/wifi/ status=200
2026-09-25 13:44:43,388 [INFO] vulnscan.audit: REQUEST user=admin role=ADMIN method=GET path=/scanning/targets/wifi/ status=200
2026-09-25 13:44:57,241 [INFO] vulnscan.audit: REQUEST user=admin role=ADMIN method=GET path=/scanning/targets/wifi/ status=200
2026-09-25 13:44:59,305 [INFO] vulnscan.audit: REQUEST user=admin role=ADMIN method=GET path=/scanning/targets/wifi/ status=200
2026-09-25 13:44:59,403 [INFO] vulnscan.audit: REQUEST user=admin role=ADMIN method=GET path=/scanning/targets/wifi/ status=200
2026-09-25 13:46:00,104 [INFO] vulnscan.audit: REQUEST user=admin role=ADMIN method=GET path=/scanning/targets/wifi/ status=200
2026-09-25 13:47:41,540 [INFO] vulnscan.audit: REQUEST user=admin role=ADMIN method=GET path=/scanning/targets/wifi/ status=200
2026-09-25 13:47:42,619 [INFO] vulnscan.audit: REQUEST user=admin role=ADMIN method=GET path=/scanning/targets/wifi/ status=200
2026-09-25 13:47:48,807 [INFO] vulnscan.audit: REQUEST user=admin role=ADMIN method=GET path=/scanning/targets/wifi/ status=200
2026-09-25 13:48:18,557 [INFO] vulnscan.audit: REQUEST user=admin role=ADMIN method=GET path=/scanning/targets/add/ status=200
2026-09-25 13:48:18,716 [INFO] vulnscan.audit: REQUEST user=admin role=ADMIN method=GET path=/scanning/targets/wifi/ status=200
2026-09-25 13:48:20,241 [INFO] vulnscan.audit: REQUEST user=admin role=ADMIN method=GET path=/scanning/targets/wifi/ status=200
2026-09-25 13:48:21,000 [INFO] vulnscan.audit: REQUEST user=admin role=ADMIN method=GET path=/scanning/targets/wifi/ status=200
2026-09-25 13:48:25,182 [INFO] vulnscan.audit: REQUEST user=admin role=ADMIN method=GET path=/scanning/targets/add/ status=200
2026-09-25 13:48:25,343 [INFO] vulnscan.audit: REQUEST user=admin role=ADMIN method=GET path=/scanning/targets/wifi/ status=200
2026-09-25 13:48:29,124 [INFO] vulnscan.audit: REQUEST user=admin role=ADMIN method=GET path=/scanning/targets/wifi/ status=200
2026-09-25 13:48:29,871 [INFO] vulnscan.audit: REQUEST user=admin role=ADMIN method=GET path=/scanning/targets/wifi/ status=200
2026-09-25 13:49:35,342 [INFO] vulnscan.audit: REQUEST user=admin role=ADMIN method=GET path=/scanning/targets/add/ status=200
2026-09-25 13:49:35,519 [INFO] vulnscan.audit: REQUEST user=admin role=ADMIN method=GET path=/scanning/targets/wifi/ status=200
2026-09-25 13:49:35,985 [INFO] vulnscan.audit: REQUEST user=admin role=ADMIN method=GET path=/scanning/targets/add/ status=200
2026-09-25 13:49:36,145 [INFO] vulnscan.audit: REQUEST user=admin role=ADMIN method=GET path=/scanning/targets/wifi/ status=200
2026-09-25 13:49:38,426 [INFO] vulnscan.audit: REQUEST user=admin role=ADMIN method=GET path=/scanning/targets/wifi/ status=200
2026-09-25 13:49:56,272 [INFO] vulnscan.audit: REQUEST user=admin role=ADMIN method=GET path=/scanning/targets/add/ status=200
2026-09-25 13:49:56,433 [INFO] vulnscan.audit: REQUEST user=admin role=ADMIN method=GET path=/scanning/targets/wifi/ status=200
2026-09-25 13:49:57,159 [INFO] vulnscan.audit: REQUEST user=admin role=ADMIN method=GET path=/scanning/targets/add/ status=200
2026-09-25 13:49:57,308 [INFO] vulnscan.audit: REQUEST user=admin role=ADMIN method=GET path=/scanning/targets/wifi/ status=200
2026-09-25 13:50:00,767 [INFO] vulnscan.audit: REQUEST user=admin role=ADMIN method=GET path=/scanning/targets/wifi/ status=200
2026-09-25 13:50:14,357 [INFO] vulnscan.audit: REQUEST user=admin role=ADMIN method=GET path=/scanning/targets/add/ status=200
2026-09-25 13:50:14,491 [INFO] vulnscan.audit: REQUEST user=admin role=ADMIN method=GET path=/scanning/targets/wifi/ status=200
2026-09-25 13:50:17,623 [INFO] vulnscan.audit: REQUEST user=admin role=ADMIN method=GET path=/scanning/targets/wifi/ status=200
2026-09-25 13:50:19,223 [INFO] vulnscan.audit: REQUEST user=admin role=ADMIN method=GET path=/scanning/targets/wifi/ status=200
2026-09-25 13:50:28,616 [INFO] vulnscan.audit: REQUEST user=admin role=ADMIN method=GET path=/scanning/targets/add/ status=200
2026-09-25 13:50:28,805 [INFO] vulnscan.audit: REQUEST user=admin role=ADMIN method=GET path=/scanning/targets/wifi/ status=200
2026-09-25 13:50:30,889 [INFO] vulnscan.audit: REQUEST user=admin role=ADMIN method=GET path=/scanning/targets/wifi/ status=200
2026-09-25 13:50:31,673 [INFO] vulnscan.audit: REQUEST user=admin role=ADMIN method=GET path=/scanning/targets/wifi/ status=200
2026-09-25 13:50:34,064 [INFO] vulnscan.audit: REQUEST user=admin role=ADMIN method=GET path=/scanning/targets/wifi/ status=200
2026-09-25 13:50:47,292 [INFO] vulnscan.audit: REQUEST user=admin role=ADMIN method=GET path=/scanning/targets/wifi/ status=200
2026-09-25 13:50:48,220 [INFO] vulnscan.audit: REQUEST user=admin role=ADMIN method=GET path=/scanning/targets/wifi/ status=200
2026-09-25 13:51:04,375 [INFO] vulnscan.audit: REQUEST user=admin role=ADMIN method=GET path=/scanning/targets/wifi/ status=200
2026-09-25 13:51:05,021 [INFO] vulnscan.audit: REQUEST user=admin role=ADMIN method=GET path=/scanning/targets/wifi/ status=200
2026-09-25 13:51:16,938 [INFO] vulnscan.audit: REQUEST user=admin role=ADMIN method=GET path=/scanning/targets/wifi/ status=200
2026-09-25 13:55:05,383 [INFO] vulnscan.audit: REQUEST user=admin role=ADMIN method=GET path=/scanning/targets/add/ status=200
2026-09-25 13:55:05,542 [INFO] vulnscan.audit: REQUEST user=admin role=ADMIN method=GET path=/scanning/targets/wifi/ status=200
2026-09-25 13:55:08,247 [INFO] vulnscan.audit: REQUEST user=admin role=ADMIN method=GET path=/scanning/targets/wifi/ status=200
2026-09-25 13:55:09,310 [INFO] vulnscan.audit: REQUEST user=admin role=ADMIN method=GET path=/scanning/targets/wifi/ status=200
2026-09-25 13:55:32,598 [INFO] vulnscan.audit: REQUEST user=admin role=ADMIN method=GET path=/scanning/targets/add/ status=200
2026-09-25 13:55:32,733 [INFO] vulnscan.audit: REQUEST user=admin role=ADMIN method=GET path=/scanning/targets/wifi/ status=200
2026-09-25 13:55:44,830 [INFO] vulnscan.audit: REQUEST user=admin role=ADMIN method=GET path=/scanning/targets/add/ status=200
2026-09-25 13:55:44,965 [INFO] vulnscan.audit: REQUEST user=admin role=ADMIN method=GET path=/scanning/targets/wifi/ status=200
2026-09-25 13:55:46,298 [INFO] vulnscan.audit: REQUEST user=admin role=ADMIN method=GET path=/scanning/targets/wifi/ status=200
2026-09-25 13:55:46,962 [INFO] vulnscan.audit: REQUEST user=admin role=ADMIN method=GET path=/scanning/targets/wifi/ status=200
2026-09-25 13:55:55,074 [INFO] vulnscan.audit: REQUEST user=admin role=ADMIN method=GET path=/scanning/targets/wifi/ status=200
2026-09-25 13:55:55,856 [INFO] vulnscan.audit: REQUEST user=admin role=ADMIN method=GET path=/scanning/targets/wifi/ status=200
2026-09-25 13:56:22,124 [INFO] vulnscan.audit: REQUEST user=admin role=ADMIN method=GET path=/scanning/targets/add/ status=200
2026-09-25 13:56:28,353 [INFO] vulnscan.audit: REQUEST user=admin role=ADMIN method=GET path=/scanning/targets/add/ status=200
2026-09-25 13:56:28,492 [INFO] vulnscan.audit: REQUEST user=admin role=ADMIN method=GET path=/scanning/targets/wifi/ status=200
2026-09-25 13:56:31,267 [INFO] vulnscan.audit: REQUEST user=admin role=ADMIN method=GET path=/scanning/targets/wifi/ status=200
2026-09-25 13:56:41,165 [INFO] vulnscan.audit: REQUEST user=admin role=ADMIN method=GET path=/scanning/targets/add/ status=200
2026-09-25 13:56:41,291 [INFO] vulnscan.audit: REQUEST user=admin role=ADMIN method=GET path=/scanning/targets/wifi/ status=200
2026-09-25 13:57:04,896 [INFO] vulnscan.audit: REQUEST user=admin role=ADMIN method=GET path=/scanning/targets/add/ status=200
2026-09-25 13:57:05,028 [INFO] vulnscan.audit: REQUEST user=admin role=ADMIN method=GET path=/scanning/targets/wifi/ status=200
2026-09-25 13:57:06,934 [INFO] vulnscan.audit: REQUEST user=admin role=ADMIN method=GET path=/scanning/targets/wifi/ status=200
2026-09-25 13:57:10,169 [INFO] vulnscan.audit: REQUEST user=admin role=ADMIN method=GET path=/scanning/targets/wifi/ status=200
2026-09-25 13:57:15,898 [INFO] vulnscan.audit: REQUEST user=admin role=ADMIN method=GET path=/scanning/targets/wifi/ status=200
2026-09-25 13:57:19,178 [INFO] vulnscan.audit: REQUEST user=admin role=ADMIN method=GET path=/scanning/ status=200
2026-09-25 13:57:20,667 [INFO] vulnscan.audit: REQUEST user=admin role=ADMIN method=GET path=/ status=200
2026-09-25 13:58:05,190 [INFO] vulnscan.audit: REQUEST user=admin role=ADMIN method=GET path=/scanning/ status=200
2026-09-25 13:58:14,787 [INFO] vulnscan.audit: REQUEST user=admin role=ADMIN method=GET path=/reports/ status=200
2026-09-25 13:58:15,679 [INFO] vulnscan.audit: REQUEST user=admin role=ADMIN method=GET path=/vulnassess/ status=200
2026-09-25 13:58:17,619 [INFO] vulnscan.audit: REQUEST user=admin role=ADMIN method=GET path=/vulnassess/1/ status=200
2026-09-25 13:59:31,599 [INFO] vulnscan.audit: REQUEST user=admin role=ADMIN method=GET path=/ status=200
2026-09-25 14:16:43,187 [INFO] vulnscan.audit: REQUEST user=admin role=ADMIN method=GET path=/ status=200
2026-09-25 14:16:53,665 [INFO] vulnscan.audit: User logout: username=admin ip=127.0.0.1
2026-09-25 14:20:36,601 [INFO] vulnscan.audit: Successful login: username=admin role=ADMIN ip=127.0.0.1
2026-09-25 14:20:36,604 [INFO] vulnscan.audit: REQUEST user=admin role=ADMIN method=POST path=/accounts/login/ status=302
2026-09-25 14:20:36,654 [INFO] vulnscan.audit: REQUEST user=admin role=ADMIN method=GET path=/ status=200
2026-09-25 14:20:40,396 [INFO] vulnscan.audit: User logout: username=admin ip=127.0.0.1
2026-09-25 14:21:16,953 [INFO] vulnscan.audit: Successful login: username=admin role=ADMIN ip=127.0.0.1
2026-09-25 14:21:16,954 [INFO] vulnscan.audit: REQUEST user=admin role=ADMIN method=POST path=/accounts/login/ status=302
2026-09-25 14:21:17,433 [INFO] vulnscan.audit: REQUEST user=admin role=ADMIN method=GET path=/ status=500
2026-09-25 14:21:26,810 [INFO] vulnscan.audit: REQUEST user=admin role=ADMIN method=GET path=/ status=500
2026-09-25 14:21:29,187 [INFO] vulnscan.audit: REQUEST user=admin role=ADMIN method=GET path=/ status=500
2026-09-25 14:21:30,131 [INFO] vulnscan.audit: REQUEST user=admin role=ADMIN method=GET path=/ status=500
2026-09-25 14:21:30,702 [INFO] vulnscan.audit: REQUEST user=admin role=ADMIN method=GET path=/ status=500
2026-09-25 14:21:43,215 [INFO] vulnscan.audit: REQUEST user=admin role=ADMIN method=GET path=/ status=500
2026-09-25 14:21:43,735 [INFO] vulnscan.audit: REQUEST user=admin role=ADMIN method=GET path=/ status=500
2026-09-25 14:21:44,058 [INFO] vulnscan.audit: REQUEST user=admin role=ADMIN method=GET path=/ status=500
2026-09-25 14:21:44,301 [INFO] vulnscan.audit: REQUEST user=admin role=ADMIN method=GET path=/ status=500
2026-09-25 14:21:44,500 [INFO] vulnscan.audit: REQUEST user=admin role=ADMIN method=GET path=/ status=500
2026-09-25 14:21:58,867 [INFO] vulnscan.audit: REQUEST user=admin role=ADMIN method=GET path=/ status=200
2026-09-25 14:22:10,955 [INFO] vulnscan.audit: REQUEST user=admin role=ADMIN method=GET path=/ status=200
2026-09-25 14:22:14,871 [INFO] vulnscan.audit: REQUEST user=admin role=ADMIN method=GET path=/ status=200
2026-09-25 14:22:16,396 [INFO] vulnscan.audit: REQUEST user=admin role=ADMIN method=GET path=/ status=200
2026-09-25 14:22:36,825 [INFO] vulnscan.audit: REQUEST user=admin role=ADMIN method=GET path=/ status=200
2026-09-25 14:22:39,773 [INFO] vulnscan.audit: REQUEST user=admin role=ADMIN method=GET path=/ status=200
2026-09-25 14:23:01,473 [INFO] vulnscan.audit: REQUEST user=admin role=ADMIN method=GET path=/ status=200
2026-09-25 14:23:17,506 [INFO] vulnscan.audit: REQUEST user=admin role=ADMIN method=GET path=/ status=200
2026-09-25 14:23:19,284 [INFO] vulnscan.audit: REQUEST user=admin role=ADMIN method=GET path=/ status=200
2026-09-25 14:23:33,602 [INFO] vulnscan.audit: REQUEST user=admin role=ADMIN method=GET path=/accounts/logs/ status=200
2026-09-25 14:23:36,760 [INFO] vulnscan.audit: REQUEST user=admin role=ADMIN method=GET path=/scanning/ status=200
2026-09-25 14:23:56,645 [INFO] vulnscan.audit: User logout: username=admin ip=127.0.0.1
2026-09-25 14:40:21,233 [INFO] vulnscan.audit: Successful login: username=admin role=ADMIN ip=127.0.0.1
2026-09-25 14:40:21,234 [INFO] vulnscan.audit: REQUEST user=admin role=ADMIN method=POST path=/accounts/login/ status=302
2026-09-25 14:40:21,290 [INFO] vulnscan.audit: REQUEST user=admin role=ADMIN method=GET path=/ status=200
2026-09-25 14:40:27,026 [INFO] vulnscan.audit: REQUEST user=admin role=ADMIN method=GET path=/scanning/ status=200
2026-09-25 14:40:32,673 [INFO] vulnscan.audit: REQUEST user=admin role=ADMIN method=POST path=/scanning/launch/ status=302
2026-09-25 14:40:32,719 [INFO] vulnscan.audit: REQUEST user=admin role=ADMIN method=GET path=/scanning/jobs/11/ status=200
2026-09-25 14:40:36,764 [INFO] vulnscan.audit: REQUEST user=admin role=ADMIN method=GET path=/scanning/jobs/11/status/ status=200
2026-09-25 14:40:40,773 [INFO] vulnscan.audit: REQUEST user=admin role=ADMIN method=GET path=/scanning/jobs/11/status/ status=200
2026-09-25 14:40:44,784 [INFO] vulnscan.audit: REQUEST user=admin role=ADMIN method=GET path=/scanning/jobs/11/status/ status=200
2026-09-25 14:40:48,796 [INFO] vulnscan.audit: REQUEST user=admin role=ADMIN method=GET path=/scanning/jobs/11/status/ status=200
2026-09-25 14:40:52,810 [INFO] vulnscan.audit: REQUEST user=admin role=ADMIN method=GET path=/scanning/jobs/11/status/ status=200
2026-09-25 14:40:56,820 [INFO] vulnscan.audit: REQUEST user=admin role=ADMIN method=GET path=/scanning/jobs/11/status/ status=200
2026-09-25 14:41:00,831 [INFO] vulnscan.audit: REQUEST user=admin role=ADMIN method=GET path=/scanning/jobs/11/status/ status=200
2026-09-25 14:41:04,846 [INFO] vulnscan.audit: REQUEST user=admin role=ADMIN method=GET path=/scanning/jobs/11/status/ status=200
2026-09-25 14:41:06,509 [INFO] vulnscan.audit: REQUEST user=admin role=ADMIN method=GET path=/scanning/ status=200
2026-09-25 14:41:18,549 [INFO] vulnscan.audit: REQUEST user=admin role=ADMIN method=POST path=/scanning/launch/ status=302
2026-09-25 14:41:18,581 [INFO] vulnscan.audit: REQUEST user=admin role=ADMIN method=GET path=/scanning/jobs/12/ status=200
2026-09-25 14:41:19,813 [INFO] vulnscan.audit: SCAN_COMPLETED job=12 target=10.4.26.230
2026-09-25 14:41:19,815 [INFO] vulnscan.audit: CORRELATION_COMPLETE job=12 findings=0
2026-09-25 14:41:22,625 [INFO] vulnscan.audit: REQUEST user=admin role=ADMIN method=GET path=/scanning/jobs/12/status/ status=200
2026-09-25 14:41:23,551 [INFO] vulnscan.audit: REQUEST user=admin role=ADMIN method=GET path=/scanning/jobs/12/ status=200
2026-09-25 14:55:48,423 [INFO] vulnscan.audit: REQUEST user=admin role=ADMIN method=GET path=/scanning/ status=200
2026-09-25 14:55:56,004 [INFO] vulnscan.audit: REQUEST user=admin role=ADMIN method=POST path=/scanning/launch/ status=302
2026-09-25 14:55:56,064 [INFO] vulnscan.audit: REQUEST user=admin role=ADMIN method=GET path=/scanning/jobs/13/ status=200
2026-09-25 14:56:00,099 [INFO] vulnscan.audit: REQUEST user=admin role=ADMIN method=GET path=/scanning/jobs/13/status/ status=200
2026-09-25 14:56:04,118 [INFO] vulnscan.audit: REQUEST user=admin role=ADMIN method=GET path=/scanning/jobs/13/status/ status=200
2026-09-25 14:56:08,132 [INFO] vulnscan.audit: REQUEST user=admin role=ADMIN method=GET path=/scanning/jobs/13/status/ status=200
2026-09-25 14:56:12,565 [INFO] vulnscan.audit: REQUEST user=admin role=ADMIN method=GET path=/scanning/jobs/13/status/ status=200
2026-09-25 14:56:17,572 [INFO] vulnscan.audit: REQUEST user=admin role=ADMIN method=GET path=/scanning/jobs/13/status/ status=200
2026-09-25 14:56:22,566 [INFO] vulnscan.audit: REQUEST user=admin role=ADMIN method=GET path=/scanning/jobs/13/status/ status=200
2026-09-25 14:56:27,566 [INFO] vulnscan.audit: REQUEST user=admin role=ADMIN method=GET path=/scanning/jobs/13/status/ status=200
2026-09-25 14:56:32,577 [INFO] vulnscan.audit: REQUEST user=admin role=ADMIN method=GET path=/scanning/jobs/13/status/ status=200
2026-09-25 14:56:37,563 [INFO] vulnscan.audit: REQUEST user=admin role=ADMIN method=GET path=/scanning/jobs/13/status/ status=200
2026-09-25 14:56:42,568 [INFO] vulnscan.audit: REQUEST user=admin role=ADMIN method=GET path=/scanning/jobs/13/status/ status=200
2026-09-25 14:56:46,582 [INFO] vulnscan.audit: REQUEST user=admin role=ADMIN method=GET path=/scanning/jobs/13/status/ status=200
2026-09-25 14:56:51,588 [INFO] vulnscan.audit: REQUEST user=admin role=ADMIN method=GET path=/scanning/jobs/13/status/ status=200
2026-09-25 14:56:56,561 [INFO] vulnscan.audit: REQUEST user=admin role=ADMIN method=GET path=/scanning/jobs/13/status/ status=200
2026-09-25 14:57:01,575 [INFO] vulnscan.audit: REQUEST user=admin role=ADMIN method=GET path=/scanning/jobs/13/status/ status=200
2026-09-25 14:57:06,564 [INFO] vulnscan.audit: REQUEST user=admin role=ADMIN method=GET path=/scanning/jobs/13/status/ status=200
2026-09-25 14:57:11,572 [INFO] vulnscan.audit: REQUEST user=admin role=ADMIN method=GET path=/scanning/jobs/13/status/ status=200
2026-09-25 14:57:16,575 [INFO] vulnscan.audit: REQUEST user=admin role=ADMIN method=GET path=/scanning/jobs/13/status/ status=200
2026-09-25 14:57:21,574 [INFO] vulnscan.audit: REQUEST user=admin role=ADMIN method=GET path=/scanning/jobs/13/status/ status=200
2026-09-25 14:57:26,568 [INFO] vulnscan.audit: REQUEST user=admin role=ADMIN method=GET path=/scanning/jobs/13/status/ status=200
2026-09-25 14:57:31,562 [INFO] vulnscan.audit: REQUEST user=admin role=ADMIN method=GET path=/scanning/jobs/13/status/ status=200
2026-09-25 14:57:36,574 [INFO] vulnscan.audit: REQUEST user=admin role=ADMIN method=GET path=/scanning/jobs/13/status/ status=200
2026-09-25 14:57:41,573 [INFO] vulnscan.audit: REQUEST user=admin role=ADMIN method=GET path=/scanning/jobs/13/status/ status=200
2026-09-25 14:57:46,567 [INFO] vulnscan.audit: REQUEST user=admin role=ADMIN method=GET path=/scanning/jobs/13/status/ status=200
2026-09-25 14:57:51,578 [INFO] vulnscan.audit: REQUEST user=admin role=ADMIN method=GET path=/scanning/jobs/13/status/ status=200
2026-09-25 14:57:56,576 [INFO] vulnscan.audit: REQUEST user=admin role=ADMIN method=GET path=/scanning/jobs/13/status/ status=200
2026-09-25 14:58:01,566 [INFO] vulnscan.audit: REQUEST user=admin role=ADMIN method=GET path=/scanning/jobs/13/status/ status=200
2026-09-25 14:58:06,567 [INFO] vulnscan.audit: REQUEST user=admin role=ADMIN method=GET path=/scanning/jobs/13/status/ status=200
2026-09-25 14:58:11,575 [INFO] vulnscan.audit: REQUEST user=admin role=ADMIN method=GET path=/scanning/jobs/13/status/ status=200
2026-09-25 14:58:16,562 [INFO] vulnscan.audit: REQUEST user=admin role=ADMIN method=GET path=/scanning/jobs/13/status/ status=200
2026-09-25 14:58:21,575 [INFO] vulnscan.audit: REQUEST user=admin role=ADMIN method=GET path=/scanning/jobs/13/status/ status=200
2026-09-25 14:58:26,571 [INFO] vulnscan.audit: REQUEST user=admin role=ADMIN method=GET path=/scanning/jobs/13/status/ status=200
2026-09-25 14:58:31,567 [INFO] vulnscan.audit: REQUEST user=admin role=ADMIN method=GET path=/scanning/jobs/13/status/ status=200
2026-09-25 14:58:36,570 [INFO] vulnscan.audit: REQUEST user=admin role=ADMIN method=GET path=/scanning/jobs/13/status/ status=200
2026-09-25 14:58:41,565 [INFO] vulnscan.audit: REQUEST user=admin role=ADMIN method=GET path=/scanning/jobs/13/status/ status=200
2026-09-25 14:58:46,566 [INFO] vulnscan.audit: REQUEST user=admin role=ADMIN method=GET path=/scanning/jobs/13/status/ status=200
2026-09-25 14:58:51,571 [INFO] vulnscan.audit: REQUEST user=admin role=ADMIN method=GET path=/scanning/jobs/13/status/ status=200
2026-09-25 14:58:56,572 [INFO] vulnscan.audit: REQUEST user=admin role=ADMIN method=GET path=/scanning/jobs/13/status/ status=200
2026-09-25 14:59:01,573 [INFO] vulnscan.audit: REQUEST user=admin role=ADMIN method=GET path=/scanning/jobs/13/status/ status=200
2026-09-25 14:59:06,575 [INFO] vulnscan.audit: REQUEST user=admin role=ADMIN method=GET path=/scanning/jobs/13/status/ status=200
2026-09-25 14:59:11,574 [INFO] vulnscan.audit: REQUEST user=admin role=ADMIN method=GET path=/scanning/jobs/13/status/ status=200
2026-09-25 14:59:16,574 [INFO] vulnscan.audit: REQUEST user=admin role=ADMIN method=GET path=/scanning/jobs/13/status/ status=200
2026-09-25 14:59:21,577 [INFO] vulnscan.audit: REQUEST user=admin role=ADMIN method=GET path=/scanning/jobs/13/status/ status=200
2026-09-25 14:59:25,591 [INFO] vulnscan.audit: REQUEST user=admin role=ADMIN method=GET path=/scanning/jobs/13/status/ status=200
2026-09-25 14:59:27,599 [INFO] vulnscan.audit: REQUEST user=admin role=ADMIN method=GET path=/scanning/ status=200
2026-09-25 14:59:36,926 [INFO] vulnscan.audit: REQUEST user=admin role=ADMIN method=GET path=/scanning/ status=200
2026-09-25 14:59:38,507 [INFO] vulnscan.audit: REQUEST user=admin role=ADMIN method=POST path=/scanning/launch/ status=302
2026-09-25 14:59:38,558 [INFO] vulnscan.audit: REQUEST user=admin role=ADMIN method=GET path=/scanning/jobs/14/ status=200
2026-09-25 14:59:42,591 [INFO] vulnscan.audit: REQUEST user=admin role=ADMIN method=GET path=/scanning/jobs/14/status/ status=200
2026-09-25 14:59:46,614 [INFO] vulnscan.audit: REQUEST user=admin role=ADMIN method=GET path=/scanning/jobs/14/status/ status=200
2026-09-25 14:59:50,626 [INFO] vulnscan.audit: REQUEST user=admin role=ADMIN method=GET path=/scanning/jobs/14/status/ status=200
2026-09-25 14:59:54,652 [INFO] vulnscan.audit: REQUEST user=admin role=ADMIN method=GET path=/scanning/jobs/14/status/ status=200
2026-09-25 14:59:58,667 [INFO] vulnscan.audit: REQUEST user=admin role=ADMIN method=GET path=/scanning/jobs/14/status/ status=200
2026-09-25 15:00:02,688 [INFO] vulnscan.audit: REQUEST user=admin role=ADMIN method=GET path=/scanning/jobs/14/status/ status=200
2026-09-25 15:00:03,614 [INFO] vulnscan.audit: SCAN_COMPLETED job=14 target=10.1.0.1
2026-09-25 15:00:03,617 [INFO] vulnscan.audit: CORRELATION_COMPLETE job=14 findings=0
2026-09-25 15:00:06,707 [INFO] vulnscan.audit: REQUEST user=admin role=ADMIN method=GET path=/scanning/jobs/14/status/ status=200
2026-09-25 15:00:07,657 [INFO] vulnscan.audit: REQUEST user=admin role=ADMIN method=GET path=/scanning/jobs/14/ status=200
2026-09-25 15:00:22,937 [INFO] vulnscan.audit: REQUEST user=admin role=ADMIN method=GET path=/scanning/targets/1/trend/ status=200
2026-09-25 15:01:05,659 [INFO] vulnscan.audit: REQUEST user=admin role=ADMIN method=GET path=/scanning/ status=200
2026-09-25 15:01:07,570 [INFO] vulnscan.audit: REQUEST user=admin role=ADMIN method=GET path=/scanning/targets/add/ status=200
2026-09-25 15:01:07,878 [INFO] vulnscan.audit: REQUEST user=admin role=ADMIN method=GET path=/scanning/targets/wifi/ status=200
2026-09-25 15:01:21,272 [INFO] vulnscan.audit: REQUEST user=admin role=ADMIN method=POST path=/scanning/targets/add/ status=200
2026-09-25 15:01:21,531 [INFO] vulnscan.audit: REQUEST user=admin role=ADMIN method=GET path=/scanning/targets/wifi/ status=200
2026-09-25 15:01:34,559 [INFO] vulnscan.audit: REQUEST user=admin role=ADMIN method=POST path=/scanning/targets/add/ status=200
2026-09-25 15:01:34,795 [INFO] vulnscan.audit: REQUEST user=admin role=ADMIN method=GET path=/scanning/targets/wifi/ status=200
2026-09-25 15:02:02,282 [INFO] vulnscan.audit: REQUEST user=admin role=ADMIN method=GET path=/scanning/ status=200
2026-09-25 15:11:01,401 [INFO] vulnscan.audit: REQUEST user=admin role=ADMIN method=GET path=/scanning/jobs/13/ status=200
2026-09-25 15:11:05,467 [INFO] vulnscan.audit: REQUEST user=admin role=ADMIN method=GET path=/scanning/jobs/13/status/ status=200
2026-09-25 15:11:09,479 [INFO] vulnscan.audit: REQUEST user=admin role=ADMIN method=GET path=/scanning/jobs/13/status/ status=200
2026-09-25 15:11:13,514 [INFO] vulnscan.audit: REQUEST user=admin role=ADMIN method=GET path=/scanning/jobs/13/status/ status=200
2026-09-25 15:11:14,533 [INFO] vulnscan.audit: REQUEST user=admin role=ADMIN method=GET path=/scanning/jobs/13/ status=200
2026-09-25 15:11:15,049 [INFO] vulnscan.audit: REQUEST user=admin role=ADMIN method=GET path=/scanning/jobs/13/ status=200
2026-09-25 15:11:15,468 [INFO] vulnscan.audit: REQUEST user=admin role=ADMIN method=GET path=/scanning/jobs/13/ status=200
2026-09-25 15:11:15,780 [INFO] vulnscan.audit: REQUEST user=admin role=ADMIN method=GET path=/scanning/jobs/13/ status=200
2026-09-25 15:11:16,037 [INFO] vulnscan.audit: REQUEST user=admin role=ADMIN method=GET path=/scanning/jobs/13/ status=200
2026-09-25 15:11:16,227 [INFO] vulnscan.audit: REQUEST user=admin role=ADMIN method=GET path=/scanning/jobs/13/ status=200
2026-09-25 15:11:16,388 [INFO] vulnscan.audit: REQUEST user=admin role=ADMIN method=GET path=/scanning/jobs/13/ status=200
2026-09-25 15:11:18,436 [INFO] vulnscan.audit: REQUEST user=admin role=ADMIN method=GET path=/scanning/ status=200
2026-09-25 15:11:21,449 [INFO] vulnscan.audit: REQUEST user=admin role=ADMIN method=GET path=/ status=200
2026-09-25 15:11:36,268 [INFO] vulnscan.audit: REQUEST user=admin role=ADMIN method=GET path=/scanning/ status=200
2026-09-25 15:11:37,767 [INFO] vulnscan.audit: REQUEST user=admin role=ADMIN method=GET path=/analytics/ status=200
2026-09-25 15:11:40,926 [INFO] vulnscan.audit: REQUEST user=admin role=ADMIN method=GET path=/scanning/ status=200
2026-09-25 15:11:42,528 [INFO] vulnscan.audit: REQUEST user=admin role=ADMIN method=GET path=/analytics/ status=200
2026-09-25 15:11:44,255 [ERROR] vulnscan.audit: SCAN_FAILED job=13 error=Nmap execution failed: 'Timeout from nmap process'
2026-09-25 15:11:44,255 [ERROR] vulnscan.audit: Unhandled error running scan job 13
Traceback (most recent call last):
  File "C:\Users\asus\AppData\Local\Programs\Python\Python312\Lib\site-packages\nmap\nmap.py", line 278, in scan
    (self._nmap_last_output, nmap_err) = p.communicate(timeout=timeout)
                                         ^^^^^^^^^^^^^^^^^^^^^^^^^^^^^^
  File "C:\Users\asus\AppData\Local\Programs\Python\Python312\Lib\subprocess.py", line 1211, in communicate
    stdout, stderr = self._communicate(input, endtime, timeout)
                     ^^^^^^^^^^^^^^^^^^^^^^^^^^^^^^^^^^^^^^^^^^
  File "C:\Users\asus\AppData\Local\Programs\Python\Python312\Lib\subprocess.py", line 1632, in _communicate
    raise TimeoutExpired(self.args, orig_timeout)
subprocess.TimeoutExpired: Command '['nmap', '-oX', '-', '10.0.0.0/8', '-sV', '--top-ports', '100']' timed out after 600 seconds

During handling of the above exception, another exception occurred:

Traceback (most recent call last):
  File "C:\Users\asus\OneDrive\Documents\IT21\vulnscan_system_updated (1)\vulnscan_system\scanning\engine.py", line 308, in run_nmap_scan
    scanner.scan(hosts=target, arguments=arguments, timeout=settings.SCAN_DEFAULT_TIMEOUT_SECONDS)
  File "C:\Users\asus\AppData\Local\Programs\Python\Python312\Lib\site-packages\nmap\nmap.py", line 281, in scan
    raise PortScannerTimeout("Timeout from nmap process")
nmap.nmap.PortScannerTimeout: 'Timeout from nmap process'

The above exception was the direct cause of the following exception:

Traceback (most recent call last):
  File "C:\Users\asus\OneDrive\Documents\IT21\vulnscan_system_updated (1)\vulnscan_system\scanning\views.py", line 88, in _run_job_safely
    execute_scan_job(job)
  File "C:\Users\asus\OneDrive\Documents\IT21\vulnscan_system_updated (1)\vulnscan_system\scanning\engine.py", line 384, in execute_scan_job
    nmap_results = run_nmap_scan(job.target.ip_or_cidr, job.nmap_arguments)
                   ^^^^^^^^^^^^^^^^^^^^^^^^^^^^^^^^^^^^^^^^^^^^^^^^^^^^^^^^
  File "C:\Users\asus\OneDrive\Documents\IT21\vulnscan_system_updated (1)\vulnscan_system\scanning\engine.py", line 310, in run_nmap_scan
    raise ScanExecutionError(f"Nmap execution failed: {exc}") from exc
scanning.engine.ScanExecutionError: Nmap execution failed: 'Timeout from nmap process'
2026-09-25 15:11:48,458 [INFO] vulnscan.audit: REQUEST user=admin role=ADMIN method=GET path=/scanning/ status=200
2026-09-25 15:11:51,845 [INFO] vulnscan.audit: REQUEST user=admin role=ADMIN method=GET path=/scanning/ status=200
2026-09-25 15:11:53,390 [INFO] vulnscan.audit: REQUEST user=admin role=ADMIN method=GET path=/analytics/ status=200
2026-09-25 15:22:27,034 [INFO] vulnscan.audit: REQUEST user=admin role=ADMIN method=GET path=/scanning/ status=200
2026-09-25 15:22:31,017 [INFO] vulnscan.audit: REQUEST user=admin role=ADMIN method=GET path=/scanning/jobs/13/ status=200
2026-09-25 15:29:01,887 [INFO] vulnscan.audit: REQUEST user=admin role=ADMIN method=GET path=/analytics/ status=200
2026-09-25 15:29:11,172 [INFO] vulnscan.audit: REQUEST user=admin role=ADMIN method=GET path=/scanning/ status=200
2026-09-25 15:29:14,434 [INFO] vulnscan.audit: REQUEST user=admin role=ADMIN method=GET path=/scanning/jobs/8/ status=200
2026-09-25 15:29:17,827 [INFO] vulnscan.audit: REQUEST user=admin role=ADMIN method=GET path=/scanning/jobs/8/ status=200
2026-09-25 15:29:18,482 [INFO] vulnscan.audit: REQUEST user=admin role=ADMIN method=GET path=/scanning/jobs/8/ status=200
2026-09-25 15:29:23,132 [INFO] vulnscan.audit: REQUEST user=admin role=ADMIN method=GET path=/scanning/jobs/8/status/ status=200
2026-09-25 15:29:23,172 [INFO] vulnscan.audit: REQUEST user=admin role=ADMIN method=GET path=/ status=200
2026-09-25 15:30:47,354 [INFO] vulnscan.audit: REQUEST user=admin role=ADMIN method=GET path=/accounts/manage/ status=200
2026-09-25 15:30:59,239 [INFO] vulnscan.audit: REQUEST user=admin role=ADMIN method=GET path=/accounts/manage/2/ status=200
2026-09-25 15:31:04,256 [INFO] vulnscan.audit: REQUEST user=admin role=ADMIN method=POST path=/accounts/manage/2/ status=302
2026-09-25 15:31:04,278 [INFO] vulnscan.audit: REQUEST user=admin role=ADMIN method=GET path=/accounts/manage/ status=200
2026-09-25 15:31:06,024 [INFO] vulnscan.audit: User logout: username=admin ip=127.0.0.1
2026-09-25 15:31:11,245 [WARNING] vulnscan.audit: Failed login: username=security ip=127.0.0.1
2026-09-25 15:31:13,644 [WARNING] vulnscan.audit: Failed login: username=security ip=127.0.0.1
2026-09-25 15:31:17,900 [INFO] vulnscan.audit: Successful login: username=admin role=ADMIN ip=127.0.0.1
2026-09-25 15:31:17,901 [INFO] vulnscan.audit: REQUEST user=admin role=ADMIN method=POST path=/accounts/login/ status=302
2026-09-25 15:31:17,945 [INFO] vulnscan.audit: REQUEST user=admin role=ADMIN method=GET path=/ status=200
2026-09-25 15:31:22,639 [INFO] vulnscan.audit: REQUEST user=admin role=ADMIN method=GET path=/accounts/manage/ status=200
2026-09-25 15:31:27,543 [INFO] vulnscan.audit: REQUEST user=admin role=ADMIN method=GET path=/accounts/manage/2/ status=200
2026-09-25 15:31:33,280 [INFO] vulnscan.audit: REQUEST user=admin role=ADMIN method=POST path=/accounts/manage/2/ status=302
2026-09-25 15:31:33,297 [INFO] vulnscan.audit: REQUEST user=admin role=ADMIN method=GET path=/accounts/manage/ status=200
2026-09-25 15:31:35,615 [INFO] vulnscan.audit: REQUEST user=admin role=ADMIN method=GET path=/accounts/logs/ status=200
2026-09-25 15:31:36,714 [INFO] vulnscan.audit: User logout: username=admin ip=127.0.0.1
2026-09-25 15:32:50,261 [INFO] vulnscan.audit: User registered: username=security role=VIEWER ip=127.0.0.1
2026-09-25 15:32:52,708 [INFO] vulnscan.audit: Successful login: username=security role=VIEWER ip=127.0.0.1
2026-09-25 15:32:52,709 [INFO] vulnscan.audit: REQUEST user=security role=VIEWER method=POST path=/accounts/login/ status=302
2026-09-25 15:32:52,745 [INFO] vulnscan.audit: REQUEST user=security role=VIEWER method=GET path=/ status=200
2026-09-25 15:32:56,882 [INFO] vulnscan.audit: User logout: username=security ip=127.0.0.1
2026-09-25 15:33:04,605 [INFO] vulnscan.audit: Successful login: username=admin role=ADMIN ip=127.0.0.1
2026-09-25 15:33:04,605 [INFO] vulnscan.audit: REQUEST user=admin role=ADMIN method=POST path=/accounts/login/ status=302
2026-09-25 15:33:04,648 [INFO] vulnscan.audit: REQUEST user=admin role=ADMIN method=GET path=/ status=200
2026-09-25 15:33:07,471 [INFO] vulnscan.audit: REQUEST user=admin role=ADMIN method=GET path=/accounts/manage/ status=200
2026-09-25 15:33:10,151 [INFO] vulnscan.audit: REQUEST user=admin role=ADMIN method=GET path=/accounts/manage/4/ status=200
2026-09-25 15:33:15,730 [INFO] vulnscan.audit: REQUEST user=admin role=ADMIN method=POST path=/accounts/manage/4/ status=302
2026-09-25 15:33:15,748 [INFO] vulnscan.audit: REQUEST user=admin role=ADMIN method=GET path=/accounts/manage/ status=200
2026-09-25 15:33:18,224 [INFO] vulnscan.audit: REQUEST user=admin role=ADMIN method=GET path=/ status=200
2026-09-25 15:33:19,948 [INFO] vulnscan.audit: User logout: username=admin ip=127.0.0.1
2026-09-25 15:33:27,880 [INFO] vulnscan.audit: Successful login: username=security role=ANALYST ip=127.0.0.1
2026-09-25 15:33:27,881 [INFO] vulnscan.audit: REQUEST user=security role=ANALYST method=POST path=/accounts/login/ status=302
2026-09-25 15:33:27,918 [INFO] vulnscan.audit: REQUEST user=security role=ANALYST method=GET path=/ status=200
2026-09-25 15:33:31,036 [INFO] vulnscan.audit: REQUEST user=security role=ANALYST method=GET path=/analytics/ status=200
2026-09-25 15:33:32,957 [INFO] vulnscan.audit: REQUEST user=security role=ANALYST method=GET path=/reports/ status=200
2026-09-25 15:33:34,670 [INFO] vulnscan.audit: REQUEST user=security role=ANALYST method=GET path=/vulnassess/ status=200
2026-09-25 15:33:36,643 [INFO] vulnscan.audit: REQUEST user=security role=ANALYST method=GET path=/scanning/ status=200
2026-09-25 15:38:10,129 [INFO] vulnscan.audit: REQUEST user=security role=ANALYST method=GET path=/scanning/ status=200
2026-09-25 15:39:09,975 [INFO] vulnscan.audit: REQUEST user=security role=ANALYST method=GET path=/scanning/ status=200
2026-09-25 15:39:57,857 [INFO] vulnscan.audit: REQUEST user=security role=ANALYST method=GET path=/scanning/ status=200
2026-09-25 15:39:59,555 [INFO] vulnscan.audit: REQUEST user=security role=ANALYST method=GET path=/scanning/ status=200
2026-09-25 15:40:35,889 [INFO] vulnscan.audit: REQUEST user=security role=ANALYST method=GET path=/scanning/ status=200
2026-09-25 15:40:48,134 [INFO] vulnscan.audit: REQUEST user=security role=ANALYST method=GET path=/scanning/ status=200
2026-09-25 15:41:01,558 [INFO] vulnscan.audit: REQUEST user=security role=ANALYST method=GET path=/scanning/ status=200
2026-09-25 15:45:12,861 [INFO] vulnscan.audit: REQUEST user=security role=ANALYST method=GET path=/scanning/ status=200
2026-09-25 15:45:47,720 [INFO] vulnscan.audit: REQUEST user=security role=ANALYST method=GET path=/scanning/ status=200
2026-09-25 15:45:48,653 [INFO] vulnscan.audit: REQUEST user=security role=ANALYST method=GET path=/scanning/ status=200
2026-09-25 15:45:49,129 [INFO] vulnscan.audit: REQUEST user=security role=ANALYST method=GET path=/scanning/ status=200
2026-09-25 15:45:52,916 [INFO] vulnscan.audit: User logout: username=security ip=127.0.0.1
2026-09-25 15:45:59,183 [WARNING] vulnscan.audit: Failed login: username=User ip=127.0.0.1
2026-09-25 15:46:40,677 [INFO] vulnscan.audit: User registered: username=User role=VIEWER ip=127.0.0.1
2026-09-25 15:46:43,072 [INFO] vulnscan.audit: Successful login: username=User role=VIEWER ip=127.0.0.1
2026-09-25 15:46:43,073 [INFO] vulnscan.audit: REQUEST user=User role=VIEWER method=POST path=/accounts/login/ status=302
2026-09-25 15:46:43,121 [INFO] vulnscan.audit: REQUEST user=User role=VIEWER method=GET path=/ status=200
2026-09-25 15:46:48,433 [INFO] vulnscan.audit: REQUEST user=User role=VIEWER method=GET path=/reports/ status=200
2026-09-25 15:46:49,781 [INFO] vulnscan.audit: REQUEST user=User role=VIEWER method=GET path=/analytics/ status=200
2026-09-25 15:46:52,314 [INFO] vulnscan.audit: User logout: username=User ip=127.0.0.1
2026-09-25 15:46:57,862 [INFO] vulnscan.audit: Successful login: username=admin role=ADMIN ip=127.0.0.1
2026-09-25 15:46:57,863 [INFO] vulnscan.audit: REQUEST user=admin role=ADMIN method=POST path=/accounts/login/ status=302
2026-09-25 15:46:57,912 [INFO] vulnscan.audit: REQUEST user=admin role=ADMIN method=GET path=/ status=200
2026-09-25 15:47:23,215 [INFO] vulnscan.audit: REQUEST user=admin role=ADMIN method=GET path=/accounts/logs/ status=200
2026-09-25 15:47:41,464 [INFO] vulnscan.audit: REQUEST user=admin role=ADMIN method=GET path=/analytics/ status=200
2026-09-25 15:47:44,479 [INFO] vulnscan.audit: REQUEST user=admin role=ADMIN method=GET path=/scanning/ status=200
2026-09-25 15:47:49,420 [INFO] vulnscan.audit: REQUEST user=admin role=ADMIN method=GET path=/ status=200
2026-09-25 15:47:51,171 [INFO] vulnscan.audit: REQUEST user=admin role=ADMIN method=GET path=/ status=200
2026-09-25 15:47:56,777 [INFO] vulnscan.audit: REQUEST user=admin role=ADMIN method=GET path=/analytics/ status=200
2026-09-25 15:51:26,319 [INFO] vulnscan.audit: User logout: username=admin ip=127.0.0.1
2026-09-25 16:13:35,652 [INFO] vulnscan.audit: Successful login: username=admin role=ADMIN ip=127.0.0.1
2026-09-25 16:13:35,655 [INFO] vulnscan.audit: REQUEST user=admin role=ADMIN method=POST path=/accounts/login/ status=302
2026-09-25 16:13:35,814 [INFO] vulnscan.audit: REQUEST user=admin role=ADMIN method=GET path=/ status=200
2026-09-25 16:13:41,944 [INFO] vulnscan.audit: REQUEST user=admin role=ADMIN method=GET path=/analytics/ status=200
2026-09-25 16:21:34,458 [INFO] vulnscan.audit: User logout: username=admin ip=127.0.0.1
2026-09-25 16:39:09,892 [INFO] vulnscan.audit: Successful login: username=admin role=ADMIN ip=127.0.0.1
2026-09-25 16:39:09,892 [INFO] vulnscan.audit: REQUEST user=admin role=ADMIN method=POST path=/accounts/login/ status=302
2026-09-25 16:39:09,935 [INFO] vulnscan.audit: REQUEST user=admin role=ADMIN method=GET path=/ status=200
2026-09-25 16:39:15,306 [INFO] vulnscan.audit: User logout: username=admin ip=127.0.0.1
2026-09-25 16:50:50,839 [INFO] vulnscan.audit: Successful login: username=admin role=ADMIN ip=127.0.0.1
2026-09-25 16:50:50,841 [INFO] vulnscan.audit: REQUEST user=admin role=ADMIN method=POST path=/accounts/login/ status=302
2026-09-25 16:50:50,901 [INFO] vulnscan.audit: REQUEST user=admin role=ADMIN method=GET path=/ status=200
2026-09-25 16:56:08,756 [INFO] vulnscan.audit: REQUEST user=admin role=ADMIN method=GET path=/scanning/ status=200
2026-09-25 16:56:17,207 [INFO] vulnscan.audit: REQUEST user=admin role=ADMIN method=GET path=/scanning/targets/add/ status=200
2026-09-25 16:56:17,521 [INFO] vulnscan.audit: REQUEST user=admin role=ADMIN method=GET path=/scanning/targets/wifi/ status=200
2026-09-25 16:56:19,294 [INFO] vulnscan.audit: REQUEST user=admin role=ADMIN method=GET path=/scanning/targets/wifi/ status=200
2026-09-25 16:56:25,948 [INFO] vulnscan.audit: REQUEST user=admin role=ADMIN method=GET path=/scanning/targets/wifi/ status=200
2026-09-25 16:56:47,330 [INFO] vulnscan.audit: REQUEST user=admin role=ADMIN method=GET path=/scanning/ status=200
2026-09-25 16:57:02,129 [INFO] vulnscan.audit: REQUEST user=admin role=ADMIN method=GET path=/scanning/targets/add/ status=200
2026-09-25 16:57:02,354 [INFO] vulnscan.audit: REQUEST user=admin role=ADMIN method=GET path=/scanning/targets/wifi/ status=200
2026-09-25 16:57:13,280 [INFO] vulnscan.audit: REQUEST user=admin role=ADMIN method=POST path=/scanning/targets/add/ status=302
2026-09-25 16:57:13,307 [INFO] vulnscan.audit: REQUEST user=admin role=ADMIN method=GET path=/scanning/ status=200
2026-09-25 16:57:20,778 [INFO] vulnscan.audit: REQUEST user=admin role=ADMIN method=GET path=/scanning/ status=200
2026-09-25 16:58:03,529 [INFO] vulnscan.audit: REQUEST user=admin role=ADMIN method=GET path=/scanning/targets/add/ status=200
2026-09-25 16:58:03,760 [INFO] vulnscan.audit: REQUEST user=admin role=ADMIN method=GET path=/scanning/targets/wifi/ status=200
2026-09-25 16:58:13,666 [INFO] vulnscan.audit: REQUEST user=admin role=ADMIN method=POST path=/scanning/targets/add/ status=200
2026-09-25 16:58:13,892 [INFO] vulnscan.audit: REQUEST user=admin role=ADMIN method=GET path=/scanning/targets/wifi/ status=200
2026-09-25 17:00:05,741 [INFO] vulnscan.audit: REQUEST user=admin role=ADMIN method=GET path=/ status=200
2026-09-25 17:00:13,220 [INFO] vulnscan.audit: REQUEST user=admin role=ADMIN method=GET path=/analytics/ status=200
2026-09-25 17:01:16,784 [INFO] vulnscan.audit: REQUEST user=admin role=ADMIN method=GET path=/analytics/ status=200
2026-09-25 17:01:24,673 [INFO] vulnscan.audit: REQUEST user=admin role=ADMIN method=GET path=/analytics/ status=200
2026-09-25 17:01:32,265 [INFO] vulnscan.audit: REQUEST user=admin role=ADMIN method=GET path=/analytics/ status=200
2026-09-25 17:01:34,982 [INFO] vulnscan.audit: REQUEST user=admin role=ADMIN method=GET path=/scanning/ status=200
2026-09-25 17:01:37,544 [INFO] vulnscan.audit: REQUEST user=admin role=ADMIN method=GET path=/vulnassess/ status=200
2026-09-25 17:01:39,004 [INFO] vulnscan.audit: REQUEST user=admin role=ADMIN method=GET path=/reports/ status=200
2026-09-25 17:01:40,570 [INFO] vulnscan.audit: REQUEST user=admin role=ADMIN method=GET path=/accounts/manage/ status=200
2026-09-25 17:01:42,818 [INFO] vulnscan.audit: REQUEST user=admin role=ADMIN method=GET path=/accounts/logs/ status=200
2026-09-25 17:01:52,782 [INFO] vulnscan.audit: REQUEST user=admin role=ADMIN method=GET path=/accounts/logs/ status=200
2026-09-25 17:03:01,761 [INFO] vulnscan.audit: REQUEST user=admin role=ADMIN method=GET path=/ status=200
2026-09-25 17:03:04,505 [INFO] vulnscan.audit: REQUEST user=admin role=ADMIN method=GET path=/ status=200
2026-09-25 17:03:39,968 [INFO] vulnscan.audit: REQUEST user=admin role=ADMIN method=GET path=/analytics/ status=200
2026-09-25 17:03:42,453 [INFO] vulnscan.audit: REQUEST user=admin role=ADMIN method=GET path=/scanning/ status=200
2026-09-25 17:10:26,870 [INFO] vulnscan.audit: User logout: username=admin ip=127.0.0.1
2026-09-25 17:10:39,903 [INFO] vulnscan.audit: Successful login: username=admin role=ADMIN ip=127.0.0.1
2026-09-25 17:10:39,904 [INFO] vulnscan.audit: REQUEST user=admin role=ADMIN method=POST path=/accounts/login/ status=302
2026-09-25 17:10:39,965 [INFO] vulnscan.audit: REQUEST user=admin role=ADMIN method=GET path=/ status=200
2026-09-25 17:10:48,057 [INFO] vulnscan.audit: REQUEST user=admin role=ADMIN method=GET path=/accounts/manage/ status=200
2026-09-25 17:10:50,782 [INFO] vulnscan.audit: REQUEST user=admin role=ADMIN method=GET path=/reports/ status=200
2026-09-25 17:10:53,076 [INFO] vulnscan.audit: REQUEST user=admin role=ADMIN method=GET path=/accounts/manage/ status=200
2026-09-25 17:10:58,498 [INFO] vulnscan.audit: REQUEST user=admin role=ADMIN method=GET path=/accounts/manage/2/ status=200
2026-09-25 17:14:15,913 [INFO] vulnscan.audit: User logout: username=admin ip=127.0.0.1
2026-09-25 17:14:32,533 [INFO] vulnscan.audit: Successful login: username=admin role=ADMIN ip=127.0.0.1
2026-09-25 17:14:32,534 [INFO] vulnscan.audit: REQUEST user=admin role=ADMIN method=POST path=/accounts/login/ status=302
2026-09-25 17:14:32,581 [INFO] vulnscan.audit: REQUEST user=admin role=ADMIN method=GET path=/ status=200
2026-09-25 17:16:24,130 [INFO] vulnscan.audit: REQUEST user=admin role=ADMIN method=GET path=/analytics/ status=200
2026-09-25 17:17:33,436 [INFO] vulnscan.audit: REQUEST user=admin role=ADMIN method=GET path=/analytics/ status=200
2026-09-25 17:17:38,536 [INFO] vulnscan.audit: REQUEST user=admin role=ADMIN method=GET path=/scanning/ status=200
2026-09-25 17:17:46,765 [INFO] vulnscan.audit: REQUEST user=admin role=ADMIN method=POST path=/scanning/launch/ status=302
2026-09-25 17:17:46,848 [INFO] vulnscan.audit: REQUEST user=admin role=ADMIN method=GET path=/scanning/jobs/15/ status=200
2026-09-25 17:17:50,873 [INFO] vulnscan.audit: REQUEST user=admin role=ADMIN method=GET path=/scanning/jobs/15/status/ status=200
2026-09-25 17:17:54,888 [INFO] vulnscan.audit: REQUEST user=admin role=ADMIN method=GET path=/scanning/jobs/15/status/ status=200
2026-09-25 17:17:58,905 [INFO] vulnscan.audit: REQUEST user=admin role=ADMIN method=GET path=/scanning/jobs/15/status/ status=200
2026-09-25 17:18:02,918 [INFO] vulnscan.audit: REQUEST user=admin role=ADMIN method=GET path=/scanning/jobs/15/status/ status=200
2026-09-25 17:18:06,935 [INFO] vulnscan.audit: REQUEST user=admin role=ADMIN method=GET path=/scanning/jobs/15/status/ status=200
2026-09-25 17:18:10,951 [INFO] vulnscan.audit: REQUEST user=admin role=ADMIN method=GET path=/scanning/jobs/15/status/ status=200
2026-09-25 17:18:14,970 [INFO] vulnscan.audit: REQUEST user=admin role=ADMIN method=GET path=/scanning/jobs/15/status/ status=200
2026-09-25 17:18:19,109 [INFO] vulnscan.audit: REQUEST user=admin role=ADMIN method=GET path=/scanning/jobs/15/status/ status=200
2026-09-25 17:18:24,097 [INFO] vulnscan.audit: REQUEST user=admin role=ADMIN method=GET path=/scanning/jobs/15/status/ status=200
2026-09-25 17:18:29,099 [INFO] vulnscan.audit: REQUEST user=admin role=ADMIN method=GET path=/scanning/jobs/15/status/ status=200
2026-09-25 17:18:34,104 [INFO] vulnscan.audit: REQUEST user=admin role=ADMIN method=GET path=/scanning/jobs/15/status/ status=200
2026-09-25 17:18:39,098 [INFO] vulnscan.audit: REQUEST user=admin role=ADMIN method=GET path=/scanning/jobs/15/status/ status=200
2026-09-25 17:18:44,110 [INFO] vulnscan.audit: REQUEST user=admin role=ADMIN method=GET path=/scanning/jobs/15/status/ status=200
2026-09-25 17:18:49,099 [INFO] vulnscan.audit: REQUEST user=admin role=ADMIN method=GET path=/scanning/jobs/15/status/ status=200
2026-09-25 17:18:54,122 [INFO] vulnscan.audit: REQUEST user=admin role=ADMIN method=GET path=/scanning/jobs/15/status/ status=200
2026-09-25 17:18:59,099 [INFO] vulnscan.audit: REQUEST user=admin role=ADMIN method=GET path=/scanning/jobs/15/status/ status=200
2026-09-25 17:19:04,103 [INFO] vulnscan.audit: REQUEST user=admin role=ADMIN method=GET path=/scanning/jobs/15/status/ status=200
2026-09-25 17:19:09,106 [INFO] vulnscan.audit: REQUEST user=admin role=ADMIN method=GET path=/scanning/jobs/15/status/ status=200
2026-09-25 17:19:14,108 [INFO] vulnscan.audit: REQUEST user=admin role=ADMIN method=GET path=/scanning/jobs/15/status/ status=200
2026-09-25 17:19:19,107 [INFO] vulnscan.audit: REQUEST user=admin role=ADMIN method=GET path=/scanning/jobs/15/status/ status=200
2026-09-25 17:19:24,106 [INFO] vulnscan.audit: REQUEST user=admin role=ADMIN method=GET path=/scanning/jobs/15/status/ status=200
2026-09-25 17:19:29,094 [INFO] vulnscan.audit: REQUEST user=admin role=ADMIN method=GET path=/scanning/jobs/15/status/ status=200
2026-09-25 17:19:34,105 [INFO] vulnscan.audit: REQUEST user=admin role=ADMIN method=GET path=/scanning/jobs/15/status/ status=200
2026-09-25 17:19:39,106 [INFO] vulnscan.audit: REQUEST user=admin role=ADMIN method=GET path=/scanning/jobs/15/status/ status=200
2026-09-25 17:19:44,097 [INFO] vulnscan.audit: REQUEST user=admin role=ADMIN method=GET path=/scanning/jobs/15/status/ status=200
2026-09-25 17:19:49,107 [INFO] vulnscan.audit: REQUEST user=admin role=ADMIN method=GET path=/scanning/jobs/15/status/ status=200
2026-09-25 17:19:54,104 [INFO] vulnscan.audit: REQUEST user=admin role=ADMIN method=GET path=/scanning/jobs/15/status/ status=200
2026-09-25 17:19:59,110 [INFO] vulnscan.audit: REQUEST user=admin role=ADMIN method=GET path=/scanning/jobs/15/status/ status=200
2026-09-25 17:20:04,105 [INFO] vulnscan.audit: REQUEST user=admin role=ADMIN method=GET path=/scanning/jobs/15/status/ status=200
2026-09-25 17:20:09,100 [INFO] vulnscan.audit: REQUEST user=admin role=ADMIN method=GET path=/scanning/jobs/15/status/ status=200
2026-09-25 17:20:14,099 [INFO] vulnscan.audit: REQUEST user=admin role=ADMIN method=GET path=/scanning/jobs/15/status/ status=200
2026-09-25 17:20:19,102 [INFO] vulnscan.audit: REQUEST user=admin role=ADMIN method=GET path=/scanning/jobs/15/status/ status=200
2026-09-25 17:20:24,110 [INFO] vulnscan.audit: REQUEST user=admin role=ADMIN method=GET path=/scanning/jobs/15/status/ status=200
2026-09-25 17:20:29,110 [INFO] vulnscan.audit: REQUEST user=admin role=ADMIN method=GET path=/scanning/jobs/15/status/ status=200
2026-09-25 17:20:34,103 [INFO] vulnscan.audit: REQUEST user=admin role=ADMIN method=GET path=/scanning/jobs/15/status/ status=200
2026-09-25 17:20:39,110 [INFO] vulnscan.audit: REQUEST user=admin role=ADMIN method=GET path=/scanning/jobs/15/status/ status=200
2026-09-25 17:20:44,102 [INFO] vulnscan.audit: REQUEST user=admin role=ADMIN method=GET path=/scanning/jobs/15/status/ status=200
2026-09-25 17:20:49,105 [INFO] vulnscan.audit: REQUEST user=admin role=ADMIN method=GET path=/scanning/jobs/15/status/ status=200
2026-09-25 17:20:54,110 [INFO] vulnscan.audit: REQUEST user=admin role=ADMIN method=GET path=/scanning/jobs/15/status/ status=200
2026-09-25 17:20:59,111 [INFO] vulnscan.audit: REQUEST user=admin role=ADMIN method=GET path=/scanning/jobs/15/status/ status=200
2026-09-25 17:21:04,102 [INFO] vulnscan.audit: REQUEST user=admin role=ADMIN method=GET path=/scanning/jobs/15/status/ status=200
2026-09-25 17:21:09,099 [INFO] vulnscan.audit: REQUEST user=admin role=ADMIN method=GET path=/scanning/jobs/15/status/ status=200
2026-09-25 17:21:14,098 [INFO] vulnscan.audit: REQUEST user=admin role=ADMIN method=GET path=/scanning/jobs/15/status/ status=200
2026-09-25 17:21:19,102 [INFO] vulnscan.audit: REQUEST user=admin role=ADMIN method=GET path=/scanning/jobs/15/status/ status=200
2026-09-25 17:21:24,095 [INFO] vulnscan.audit: REQUEST user=admin role=ADMIN method=GET path=/scanning/jobs/15/status/ status=200
2026-09-25 17:21:29,096 [INFO] vulnscan.audit: REQUEST user=admin role=ADMIN method=GET path=/scanning/jobs/15/status/ status=200
2026-09-25 17:21:34,099 [INFO] vulnscan.audit: REQUEST user=admin role=ADMIN method=GET path=/scanning/jobs/15/status/ status=200
2026-09-25 17:21:39,100 [INFO] vulnscan.audit: REQUEST user=admin role=ADMIN method=GET path=/scanning/jobs/15/status/ status=200
2026-09-25 17:21:44,102 [INFO] vulnscan.audit: REQUEST user=admin role=ADMIN method=GET path=/scanning/jobs/15/status/ status=200
2026-09-25 17:21:49,100 [INFO] vulnscan.audit: REQUEST user=admin role=ADMIN method=GET path=/scanning/jobs/15/status/ status=200
2026-09-25 17:21:54,102 [INFO] vulnscan.audit: REQUEST user=admin role=ADMIN method=GET path=/scanning/jobs/15/status/ status=200
2026-09-25 17:21:59,101 [INFO] vulnscan.audit: REQUEST user=admin role=ADMIN method=GET path=/scanning/jobs/15/status/ status=200
2026-09-25 17:22:04,104 [INFO] vulnscan.audit: REQUEST user=admin role=ADMIN method=GET path=/scanning/jobs/15/status/ status=200
2026-09-25 17:22:09,109 [INFO] vulnscan.audit: REQUEST user=admin role=ADMIN method=GET path=/scanning/jobs/15/status/ status=200
2026-09-25 17:22:14,106 [INFO] vulnscan.audit: REQUEST user=admin role=ADMIN method=GET path=/scanning/jobs/15/status/ status=200
2026-09-25 17:22:19,106 [INFO] vulnscan.audit: REQUEST user=admin role=ADMIN method=GET path=/scanning/jobs/15/status/ status=200
2026-09-25 17:22:24,109 [INFO] vulnscan.audit: REQUEST user=admin role=ADMIN method=GET path=/scanning/jobs/15/status/ status=200
2026-09-25 17:22:29,100 [INFO] vulnscan.audit: REQUEST user=admin role=ADMIN method=GET path=/scanning/jobs/15/status/ status=200
2026-09-25 17:22:34,108 [INFO] vulnscan.audit: REQUEST user=admin role=ADMIN method=GET path=/scanning/jobs/15/status/ status=200
2026-09-25 17:22:39,108 [INFO] vulnscan.audit: REQUEST user=admin role=ADMIN method=GET path=/scanning/jobs/15/status/ status=200
2026-09-25 17:22:44,103 [INFO] vulnscan.audit: REQUEST user=admin role=ADMIN method=GET path=/scanning/jobs/15/status/ status=200
2026-09-25 17:22:49,100 [INFO] vulnscan.audit: REQUEST user=admin role=ADMIN method=GET path=/scanning/jobs/15/status/ status=200
2026-09-25 17:22:54,116 [INFO] vulnscan.audit: REQUEST user=admin role=ADMIN method=GET path=/scanning/jobs/15/status/ status=200
2026-09-25 17:22:59,111 [INFO] vulnscan.audit: REQUEST user=admin role=ADMIN method=GET path=/scanning/jobs/15/status/ status=200
2026-09-25 17:23:03,415 [INFO] vulnscan.audit: REQUEST user=admin role=ADMIN method=GET path=/scanning/jobs/15/status/ status=200
2026-09-25 17:23:07,215 [INFO] vulnscan.audit: REQUEST user=admin role=ADMIN method=GET path=/analytics/ status=200
2026-09-25 17:23:10,782 [INFO] vulnscan.audit: REQUEST user=admin role=ADMIN method=GET path=/analytics/ status=200
2026-09-25 17:23:20,530 [INFO] vulnscan.audit: REQUEST user=admin role=ADMIN method=GET path=/analytics/ status=200
2026-09-25 17:23:24,149 [INFO] vulnscan.audit: User logout: username=admin ip=127.0.0.1
2026-09-25 17:23:29,150 [INFO] vulnscan.audit: Successful login: username=admin role=ADMIN ip=127.0.0.1
2026-09-25 17:23:29,151 [INFO] vulnscan.audit: REQUEST user=admin role=ADMIN method=POST path=/accounts/login/ status=302
2026-09-25 17:23:29,211 [INFO] vulnscan.audit: REQUEST user=admin role=ADMIN method=GET path=/ status=200
2026-09-25 17:24:03,963 [INFO] vulnscan.audit: User logout: username=admin ip=127.0.0.1
2026-09-25 17:25:37,820 [INFO] vulnscan.audit: Successful login: username=admin role=ADMIN ip=127.0.0.1
2026-09-25 17:25:37,821 [INFO] vulnscan.audit: REQUEST user=admin role=ADMIN method=POST path=/accounts/login/ status=302
2026-09-25 17:25:37,864 [INFO] vulnscan.audit: REQUEST user=admin role=ADMIN method=GET path=/ status=200
2026-09-25 17:25:46,310 [INFO] vulnscan.audit: User logout: username=admin ip=127.0.0.1
2026-09-25 17:25:54,221 [INFO] vulnscan.audit: Successful login: username=security role=ANALYST ip=127.0.0.1
2026-09-25 17:25:54,223 [INFO] vulnscan.audit: REQUEST user=security role=ANALYST method=POST path=/accounts/login/ status=302
2026-09-25 17:25:54,265 [INFO] vulnscan.audit: REQUEST user=security role=ANALYST method=GET path=/ status=200
2026-09-25 17:26:15,499 [INFO] vulnscan.audit: REQUEST user=security role=ANALYST method=GET path=/reports/ status=200
2026-09-25 17:26:16,868 [INFO] vulnscan.audit: REQUEST user=security role=ANALYST method=GET path=/vulnassess/ status=200
2026-09-25 17:26:18,014 [INFO] vulnscan.audit: REQUEST user=security role=ANALYST method=GET path=/scanning/ status=200
2026-09-25 17:26:19,321 [INFO] vulnscan.audit: REQUEST user=security role=ANALYST method=GET path=/scanning/ status=200
2026-09-25 17:26:21,131 [INFO] vulnscan.audit: REQUEST user=security role=ANALYST method=GET path=/analytics/ status=200
2026-09-25 17:27:48,355 [ERROR] vulnscan.audit: SCAN_FAILED job=15 error=Nmap execution failed: 'Timeout from nmap process'
2026-09-25 17:27:48,356 [ERROR] vulnscan.audit: Unhandled error running scan job 15
Traceback (most recent call last):
  File "C:\Users\asus\OneDrive\Documents\IT21\vulnscan_system_updated (1)\vulnscan_system\.venv\Lib\site-packages\nmap\nmap.py", line 278, in scan
    (self._nmap_last_output, nmap_err) = p.communicate(timeout=timeout)
                                         ^^^^^^^^^^^^^^^^^^^^^^^^^^^^^^
  File "C:\Users\asus\AppData\Local\Programs\Python\Python312\Lib\subprocess.py", line 1211, in communicate
    stdout, stderr = self._communicate(input, endtime, timeout)
                     ^^^^^^^^^^^^^^^^^^^^^^^^^^^^^^^^^^^^^^^^^^
  File "C:\Users\asus\AppData\Local\Programs\Python\Python312\Lib\subprocess.py", line 1632, in _communicate
    raise TimeoutExpired(self.args, orig_timeout)
subprocess.TimeoutExpired: Command '['nmap', '-oX', '-', '10.0.0.0/24', '-sV', '-O', '--top-ports', '100']' timed out after 600 seconds

During handling of the above exception, another exception occurred:

Traceback (most recent call last):
  File "C:\Users\asus\OneDrive\Documents\IT21\vulnscan_system_updated (1)\vulnscan_system\scanning\engine.py", line 308, in run_nmap_scan
    scanner.scan(hosts=target, arguments=arguments, timeout=settings.SCAN_DEFAULT_TIMEOUT_SECONDS)
  File "C:\Users\asus\OneDrive\Documents\IT21\vulnscan_system_updated (1)\vulnscan_system\.venv\Lib\site-packages\nmap\nmap.py", line 281, in scan
    raise PortScannerTimeout("Timeout from nmap process")
nmap.nmap.PortScannerTimeout: 'Timeout from nmap process'

The above exception was the direct cause of the following exception:

Traceback (most recent call last):
  File "C:\Users\asus\OneDrive\Documents\IT21\vulnscan_system_updated (1)\vulnscan_system\scanning\views.py", line 88, in _run_job_safely
    execute_scan_job(job)
  File "C:\Users\asus\OneDrive\Documents\IT21\vulnscan_system_updated (1)\vulnscan_system\scanning\engine.py", line 384, in execute_scan_job
    nmap_results = run_nmap_scan(job.target.ip_or_cidr, job.nmap_arguments)
                   ^^^^^^^^^^^^^^^^^^^^^^^^^^^^^^^^^^^^^^^^^^^^^^^^^^^^^^^^
  File "C:\Users\asus\OneDrive\Documents\IT21\vulnscan_system_updated (1)\vulnscan_system\scanning\engine.py", line 310, in run_nmap_scan
    raise ScanExecutionError(f"Nmap execution failed: {exc}") from exc
scanning.engine.ScanExecutionError: Nmap execution failed: 'Timeout from nmap process'
2026-09-28 09:39:03,314 [INFO] vulnscan.audit: Successful login: username=admin role=ADMIN ip=127.0.0.1
2026-09-28 09:39:03,316 [INFO] vulnscan.audit: REQUEST user=admin role=ADMIN method=POST path=/accounts/login/ status=302
2026-09-28 09:39:03,484 [INFO] vulnscan.audit: REQUEST user=admin role=ADMIN method=GET path=/ status=200
2026-09-28 09:39:23,753 [INFO] vulnscan.audit: REQUEST user=admin role=ADMIN method=GET path=/scanning/ status=200
2026-09-28 09:39:47,211 [INFO] vulnscan.audit: REQUEST user=admin role=ADMIN method=GET path=/scanning/targets/add/ status=200
2026-09-28 09:39:47,498 [INFO] vulnscan.audit: REQUEST user=admin role=ADMIN method=GET path=/scanning/targets/wifi/ status=200
2026-09-28 09:39:50,125 [INFO] vulnscan.audit: REQUEST user=admin role=ADMIN method=GET path=/scanning/targets/wifi/ status=200
2026-09-28 09:39:54,165 [INFO] vulnscan.audit: REQUEST user=admin role=ADMIN method=POST path=/scanning/targets/add/ status=200
2026-09-28 09:39:54,343 [INFO] vulnscan.audit: REQUEST user=admin role=ADMIN method=GET path=/scanning/targets/wifi/ status=200
2026-09-28 09:39:56,383 [INFO] vulnscan.audit: REQUEST user=admin role=ADMIN method=GET path=/scanning/targets/wifi/ status=200
2026-09-28 09:40:02,903 [INFO] vulnscan.audit: REQUEST user=admin role=ADMIN method=POST path=/scanning/targets/add/ status=200
2026-09-28 09:40:03,078 [INFO] vulnscan.audit: REQUEST user=admin role=ADMIN method=GET path=/scanning/targets/wifi/ status=200
2026-09-28 09:40:09,475 [INFO] vulnscan.audit: User logout: username=admin ip=127.0.0.1
2026-09-28 09:40:22,719 [INFO] vulnscan.audit: Successful login: username=admin role=ADMIN ip=127.0.0.1
2026-09-28 09:40:22,720 [INFO] vulnscan.audit: REQUEST user=admin role=ADMIN method=POST path=/accounts/login/ status=302
2026-09-28 09:40:22,779 [INFO] vulnscan.audit: REQUEST user=admin role=ADMIN method=GET path=/ status=200
2026-09-28 09:40:48,923 [INFO] vulnscan.audit: REQUEST user=admin role=ADMIN method=GET path=/scanning/ status=200
2026-09-28 09:40:51,045 [INFO] vulnscan.audit: REQUEST user=admin role=ADMIN method=GET path=/scanning/targets/add/ status=200
2026-09-28 09:40:51,226 [INFO] vulnscan.audit: REQUEST user=admin role=ADMIN method=GET path=/scanning/targets/wifi/ status=200
2026-09-28 09:41:21,849 [INFO] vulnscan.audit: REQUEST user=admin role=ADMIN method=GET path=/scanning/targets/wifi/ status=200
2026-09-28 09:41:22,297 [INFO] vulnscan.audit: REQUEST user=admin role=ADMIN method=GET path=/scanning/targets/wifi/ status=200
2026-09-28 09:41:24,896 [INFO] vulnscan.audit: REQUEST user=admin role=ADMIN method=POST path=/scanning/targets/add/ status=302
2026-09-28 09:41:24,918 [INFO] vulnscan.audit: REQUEST user=admin role=ADMIN method=GET path=/scanning/ status=200
2026-09-28 09:41:30,155 [INFO] vulnscan.audit: REQUEST user=admin role=ADMIN method=POST path=/scanning/launch/ status=302
2026-09-28 09:41:30,250 [INFO] vulnscan.audit: REQUEST user=admin role=ADMIN method=GET path=/scanning/jobs/16/ status=200
2026-09-28 09:41:34,296 [INFO] vulnscan.audit: REQUEST user=admin role=ADMIN method=GET path=/scanning/jobs/16/status/ status=200
2026-09-28 09:41:38,319 [INFO] vulnscan.audit: REQUEST user=admin role=ADMIN method=GET path=/scanning/jobs/16/status/ status=200
2026-09-28 09:41:42,333 [INFO] vulnscan.audit: REQUEST user=admin role=ADMIN method=GET path=/scanning/jobs/16/status/ status=200
2026-09-28 09:41:46,355 [INFO] vulnscan.audit: REQUEST user=admin role=ADMIN method=GET path=/scanning/jobs/16/status/ status=200
2026-09-28 09:41:47,368 [INFO] vulnscan.audit: SCAN_COMPLETED job=16 target=192.168.137.230
2026-09-28 09:41:47,421 [INFO] vulnscan.audit: CORRELATION_COMPLETE job=16 findings=1
2026-09-28 09:41:50,367 [INFO] vulnscan.audit: REQUEST user=admin role=ADMIN method=GET path=/scanning/jobs/16/status/ status=200
2026-09-28 09:41:51,305 [INFO] vulnscan.audit: REQUEST user=admin role=ADMIN method=GET path=/scanning/jobs/16/ status=200
2026-09-28 09:41:56,266 [INFO] vulnscan.audit: REQUEST user=admin role=ADMIN method=GET path=/scanning/targets/8/trend/ status=200
2026-09-28 09:42:00,567 [INFO] vulnscan.audit: REQUEST user=admin role=ADMIN method=GET path=/scanning/jobs/16/ status=200
2026-09-28 09:42:06,265 [INFO] vulnscan.audit: REQUEST user=admin role=ADMIN method=GET path=/reports/generate/16/pdf/ status=302
2026-09-28 09:42:06,298 [INFO] vulnscan.audit: REQUEST user=admin role=ADMIN method=GET path=/reports/ status=200
2026-09-28 09:42:40,097 [INFO] vulnscan.audit: User logout: username=admin ip=127.0.0.1
2026-09-28 09:42:47,052 [INFO] vulnscan.audit: Successful login: username=User role=VIEWER ip=127.0.0.1
2026-09-28 09:42:47,053 [INFO] vulnscan.audit: REQUEST user=User role=VIEWER method=POST path=/accounts/login/ status=302
2026-09-28 09:42:47,095 [INFO] vulnscan.audit: REQUEST user=User role=VIEWER method=GET path=/ status=200
2026-09-28 09:42:54,480 [INFO] vulnscan.audit: REQUEST user=User role=VIEWER method=GET path=/analytics/ status=200
2026-09-28 09:42:56,073 [INFO] vulnscan.audit: REQUEST user=User role=VIEWER method=GET path=/reports/ status=200
2026-09-28 09:43:00,585 [INFO] vulnscan.audit: User logout: username=User ip=127.0.0.1
2026-09-28 09:43:09,212 [INFO] vulnscan.audit: Successful login: username=security role=ANALYST ip=127.0.0.1
2026-09-28 09:43:09,213 [INFO] vulnscan.audit: REQUEST user=security role=ANALYST method=POST path=/accounts/login/ status=302
2026-09-28 09:43:09,253 [INFO] vulnscan.audit: REQUEST user=security role=ANALYST method=GET path=/ status=200
2026-09-28 09:43:14,006 [INFO] vulnscan.audit: REQUEST user=security role=ANALYST method=GET path=/scanning/ status=200
2026-09-28 09:43:15,417 [INFO] vulnscan.audit: REQUEST user=security role=ANALYST method=GET path=/vulnassess/ status=200
2026-09-28 09:43:20,022 [INFO] vulnscan.audit: REQUEST user=security role=ANALYST method=GET path=/reports/ status=200
2026-09-28 09:43:21,402 [INFO] vulnscan.audit: REQUEST user=security role=ANALYST method=GET path=/scanning/ status=200
2026-09-28 09:43:22,506 [INFO] vulnscan.audit: REQUEST user=security role=ANALYST method=GET path=/vulnassess/ status=200
2026-09-28 09:43:23,945 [INFO] vulnscan.audit: REQUEST user=security role=ANALYST method=GET path=/reports/ status=200
2026-09-28 09:43:28,152 [INFO] vulnscan.audit: User logout: username=security ip=127.0.0.1
2026-09-28 09:43:36,627 [INFO] vulnscan.audit: Successful login: username=admin role=ADMIN ip=127.0.0.1
2026-09-28 09:43:36,628 [INFO] vulnscan.audit: REQUEST user=admin role=ADMIN method=POST path=/accounts/login/ status=302
2026-09-28 09:43:36,692 [INFO] vulnscan.audit: REQUEST user=admin role=ADMIN method=GET path=/ status=200
2026-09-28 09:43:40,844 [INFO] vulnscan.audit: REQUEST user=admin role=ADMIN method=GET path=/analytics/ status=200
2026-09-28 09:43:42,106 [INFO] vulnscan.audit: REQUEST user=admin role=ADMIN method=GET path=/scanning/ status=200
2026-09-28 09:43:43,389 [INFO] vulnscan.audit: REQUEST user=admin role=ADMIN method=GET path=/analytics/ status=200
2026-09-28 09:43:44,628 [INFO] vulnscan.audit: REQUEST user=admin role=ADMIN method=GET path=/scanning/ status=200
2026-09-28 09:43:53,288 [INFO] vulnscan.audit: REQUEST user=admin role=ADMIN method=GET path=/analytics/ status=200
2026-09-28 09:43:59,520 [INFO] vulnscan.audit: REQUEST user=admin role=ADMIN method=GET path=/scanning/ status=200
2026-09-28 09:44:01,709 [INFO] vulnscan.audit: REQUEST user=admin role=ADMIN method=GET path=/ status=200
2026-09-28 09:44:07,352 [INFO] vulnscan.audit: REQUEST user=admin role=ADMIN method=GET path=/vulnassess/ status=200
2026-09-28 09:44:10,807 [INFO] vulnscan.audit: REQUEST user=admin role=ADMIN method=GET path=/accounts/manage/ status=200
2026-09-28 09:44:14,978 [INFO] vulnscan.audit: REQUEST user=admin role=ADMIN method=GET path=/accounts/manage/1/ status=200
2026-09-28 09:44:18,079 [INFO] vulnscan.audit: REQUEST user=admin role=ADMIN method=GET path=/accounts/manage/ status=200
2026-09-28 09:44:20,155 [INFO] vulnscan.audit: REQUEST user=admin role=ADMIN method=GET path=/accounts/logs/ status=200
2026-09-28 09:44:32,777 [INFO] vulnscan.audit: REQUEST user=admin role=ADMIN method=GET path=/accounts/manage/ status=200
2026-09-28 09:44:34,717 [INFO] vulnscan.audit: REQUEST user=admin role=ADMIN method=GET path=/vulnassess/ status=200
2026-09-28 09:44:36,678 [INFO] vulnscan.audit: REQUEST user=admin role=ADMIN method=GET path=/scanning/ status=200
2026-09-28 09:44:38,708 [INFO] vulnscan.audit: REQUEST user=admin role=ADMIN method=GET path=/analytics/ status=200
2026-09-28 09:46:55,818 [INFO] vulnscan.audit: REQUEST user=admin role=ADMIN method=GET path=/analytics/ status=200
2026-09-28 09:46:59,475 [INFO] vulnscan.audit: REQUEST user=admin role=ADMIN method=GET path=/scanning/ status=200
2026-09-28 09:47:00,957 [INFO] vulnscan.audit: REQUEST user=admin role=ADMIN method=GET path=/vulnassess/ status=200
2026-09-28 09:47:02,197 [INFO] vulnscan.audit: REQUEST user=admin role=ADMIN method=GET path=/reports/ status=200
2026-09-28 09:47:06,355 [INFO] vulnscan.audit: REQUEST user=admin role=ADMIN method=GET path=/reports/ status=200
2026-09-28 09:47:07,787 [INFO] vulnscan.audit: REQUEST user=admin role=ADMIN method=GET path=/accounts/manage/ status=200
2026-09-28 09:47:08,911 [INFO] vulnscan.audit: REQUEST user=admin role=ADMIN method=GET path=/reports/ status=200
2026-09-29 08:56:47,617 [INFO] vulnscan.audit: Successful login: username=admin role=ADMIN ip=127.0.0.1
2026-09-29 08:56:47,619 [INFO] vulnscan.audit: REQUEST user=admin role=ADMIN method=POST path=/accounts/login/ status=302
2026-09-29 08:56:47,773 [INFO] vulnscan.audit: REQUEST user=admin role=ADMIN method=GET path=/ status=200
2026-09-29 08:56:52,491 [INFO] vulnscan.audit: REQUEST user=admin role=ADMIN method=GET path=/analytics/ status=200
2026-09-29 08:56:55,029 [INFO] vulnscan.audit: REQUEST user=admin role=ADMIN method=GET path=/scanning/ status=200
2026-09-29 08:56:58,672 [INFO] vulnscan.audit: REQUEST user=admin role=ADMIN method=GET path=/scanning/targets/add/ status=200
2026-09-29 08:56:59,024 [INFO] vulnscan.audit: REQUEST user=admin role=ADMIN method=GET path=/scanning/targets/wifi/ status=200
2026-09-29 08:57:04,937 [INFO] vulnscan.audit: REQUEST user=admin role=ADMIN method=GET path=/scanning/targets/wifi/ status=200
2026-09-29 08:57:05,757 [INFO] vulnscan.audit: REQUEST user=admin role=ADMIN method=GET path=/scanning/targets/wifi/ status=200
2026-09-29 08:57:55,251 [INFO] vulnscan.audit: REQUEST user=admin role=ADMIN method=POST path=/scanning/targets/add/ status=302
2026-09-29 08:57:55,272 [INFO] vulnscan.audit: REQUEST user=admin role=ADMIN method=GET path=/scanning/ status=200
2026-09-29 08:58:04,146 [INFO] vulnscan.audit: REQUEST user=admin role=ADMIN method=POST path=/scanning/launch/ status=302
2026-09-29 08:58:04,225 [INFO] vulnscan.audit: REQUEST user=admin role=ADMIN method=GET path=/scanning/jobs/17/ status=200
2026-09-29 08:58:08,257 [INFO] vulnscan.audit: REQUEST user=admin role=ADMIN method=GET path=/scanning/jobs/17/status/ status=200
2026-09-29 08:58:10,725 [INFO] vulnscan.audit: SCAN_COMPLETED job=17 target=192.168.137.240
2026-09-29 08:58:10,727 [INFO] vulnscan.audit: CORRELATION_COMPLETE job=17 findings=0
2026-09-29 08:58:12,287 [INFO] vulnscan.audit: REQUEST user=admin role=ADMIN method=GET path=/scanning/jobs/17/status/ status=200
2026-09-29 08:58:13,242 [INFO] vulnscan.audit: REQUEST user=admin role=ADMIN method=GET path=/scanning/jobs/17/ status=200
2026-09-29 08:58:27,778 [INFO] vulnscan.audit: REQUEST user=admin role=ADMIN method=GET path=/scanning/targets/9/trend/ status=200
2026-09-29 08:58:31,147 [INFO] vulnscan.audit: REQUEST user=admin role=ADMIN method=GET path=/scanning/jobs/17/ status=200
2026-09-29 08:58:33,285 [INFO] vulnscan.audit: REQUEST user=admin role=ADMIN method=GET path=/reports/generate/17/pdf/ status=302
2026-09-29 08:58:33,321 [INFO] vulnscan.audit: REQUEST user=admin role=ADMIN method=GET path=/reports/ status=200
2026-09-29 08:58:53,872 [INFO] vulnscan.audit: REQUEST user=admin role=ADMIN method=GET path=/analytics/ status=200
2026-09-29 08:58:54,865 [INFO] vulnscan.audit: REQUEST user=admin role=ADMIN method=GET path=/scanning/ status=200
2026-09-29 09:02:39,959 [INFO] vulnscan.audit: REQUEST user=admin role=ADMIN method=GET path=/scanning/targets/add/ status=200
2026-09-29 09:02:40,196 [INFO] vulnscan.audit: REQUEST user=admin role=ADMIN method=GET path=/scanning/targets/wifi/ status=200
2026-09-29 09:02:42,204 [INFO] vulnscan.audit: REQUEST user=admin role=ADMIN method=GET path=/scanning/targets/wifi/ status=200
2026-09-29 09:03:22,562 [INFO] vulnscan.audit: REQUEST user=admin role=ADMIN method=POST path=/scanning/targets/add/ status=302
2026-09-29 09:03:22,681 [INFO] vulnscan.audit: REQUEST user=admin role=ADMIN method=GET path=/scanning/ status=200
2026-09-29 09:03:30,315 [INFO] vulnscan.audit: REQUEST user=admin role=ADMIN method=POST path=/scanning/launch/ status=302
2026-09-29 09:03:30,382 [INFO] vulnscan.audit: REQUEST user=admin role=ADMIN method=GET path=/scanning/jobs/18/ status=200
2026-09-29 09:03:34,413 [INFO] vulnscan.audit: REQUEST user=admin role=ADMIN method=GET path=/scanning/jobs/18/status/ status=200
2026-09-29 09:03:38,446 [INFO] vulnscan.audit: CORRELATION_COMPLETE job=18 findings=1
2026-09-29 09:03:38,451 [INFO] vulnscan.audit: SCAN_COMPLETED job=18 target=192.168.137.145
2026-09-29 09:03:39,091 [INFO] vulnscan.audit: REQUEST user=admin role=ADMIN method=GET path=/scanning/jobs/18/status/ status=200
2026-09-29 09:03:40,116 [INFO] vulnscan.audit: REQUEST user=admin role=ADMIN method=GET path=/scanning/jobs/18/ status=200
2026-09-29 09:04:13,764 [INFO] vulnscan.audit: REQUEST user=admin role=ADMIN method=GET path=/scanning/ status=200
2026-09-29 09:04:20,510 [INFO] vulnscan.audit: REQUEST user=admin role=ADMIN method=POST path=/scanning/launch/ status=302
2026-09-29 09:04:20,549 [INFO] vulnscan.audit: REQUEST user=admin role=ADMIN method=GET path=/scanning/jobs/19/ status=200
2026-09-29 09:04:22,552 [INFO] vulnscan.audit: CORRELATION_COMPLETE job=19 findings=0
2026-09-29 09:04:22,555 [INFO] vulnscan.audit: SCAN_COMPLETED job=19 target=192.168.137.240
2026-09-29 09:04:25,100 [INFO] vulnscan.audit: REQUEST user=admin role=ADMIN method=GET path=/scanning/jobs/19/status/ status=200
2026-09-29 09:04:26,114 [INFO] vulnscan.audit: REQUEST user=admin role=ADMIN method=GET path=/scanning/jobs/19/ status=200
2026-09-29 09:04:43,411 [INFO] vulnscan.audit: REQUEST user=admin role=ADMIN method=GET path=/scanning/jobs/19/compare/ status=200
2026-09-29 09:04:51,112 [INFO] vulnscan.audit: REQUEST user=admin role=ADMIN method=GET path=/scanning/ status=200
2026-09-29 09:04:55,472 [INFO] vulnscan.audit: REQUEST user=admin role=ADMIN method=POST path=/scanning/launch/ status=302
2026-09-29 09:04:55,531 [INFO] vulnscan.audit: REQUEST user=admin role=ADMIN method=GET path=/scanning/jobs/20/ status=200
2026-09-29 09:04:59,560 [INFO] vulnscan.audit: REQUEST user=admin role=ADMIN method=GET path=/scanning/jobs/20/status/ status=200
2026-09-29 09:05:03,821 [INFO] vulnscan.audit: SCAN_COMPLETED job=20 target=192.168.137.145
2026-09-29 09:05:03,834 [INFO] vulnscan.audit: CORRELATION_COMPLETE job=20 findings=1
2026-09-29 09:05:04,105 [INFO] vulnscan.audit: REQUEST user=admin role=ADMIN method=GET path=/scanning/jobs/20/status/ status=200
2026-09-29 09:05:05,127 [INFO] vulnscan.audit: REQUEST user=admin role=ADMIN method=GET path=/scanning/jobs/20/ status=200
2026-09-29 09:06:58,754 [INFO] vulnscan.audit: REQUEST user=admin role=ADMIN method=GET path=/scanning/ status=200
2026-09-29 09:07:03,108 [INFO] vulnscan.audit: REQUEST user=admin role=ADMIN method=POST path=/scanning/launch/ status=302
2026-09-29 09:07:03,169 [INFO] vulnscan.audit: REQUEST user=admin role=ADMIN method=GET path=/scanning/jobs/21/ status=200
2026-09-29 09:07:07,138 [INFO] vulnscan.audit: SCAN_COMPLETED job=21 target=10.4.26.230
2026-09-29 09:07:07,142 [INFO] vulnscan.audit: CORRELATION_COMPLETE job=21 findings=0
2026-09-29 09:07:08,098 [INFO] vulnscan.audit: REQUEST user=admin role=ADMIN method=GET path=/scanning/jobs/21/status/ status=200
2026-09-29 09:07:09,128 [INFO] vulnscan.audit: REQUEST user=admin role=ADMIN method=GET path=/scanning/jobs/21/ status=200
2026-09-29 09:10:35,863 [INFO] vulnscan.audit: REQUEST user=admin role=ADMIN method=GET path=/scanning/jobs/21/ status=200
2026-09-29 09:10:38,132 [INFO] vulnscan.audit: REQUEST user=admin role=ADMIN method=GET path=/scanning/ status=200
2026-09-29 09:10:42,803 [INFO] vulnscan.audit: REQUEST user=admin role=ADMIN method=POST path=/scanning/launch/ status=302
2026-09-29 09:10:42,862 [INFO] vulnscan.audit: REQUEST user=admin role=ADMIN method=GET path=/scanning/jobs/22/ status=200
2026-09-29 09:10:46,907 [INFO] vulnscan.audit: REQUEST user=admin role=ADMIN method=GET path=/scanning/jobs/22/status/ status=200
2026-09-29 09:10:50,924 [INFO] vulnscan.audit: REQUEST user=admin role=ADMIN method=GET path=/scanning/jobs/22/status/ status=200
2026-09-29 09:10:54,941 [INFO] vulnscan.audit: REQUEST user=admin role=ADMIN method=GET path=/scanning/jobs/22/status/ status=200
2026-09-29 09:10:58,958 [INFO] vulnscan.audit: REQUEST user=admin role=ADMIN method=GET path=/scanning/jobs/22/status/ status=200
2026-09-29 09:11:02,971 [INFO] vulnscan.audit: REQUEST user=admin role=ADMIN method=GET path=/scanning/jobs/22/status/ status=200
2026-09-29 09:11:06,987 [INFO] vulnscan.audit: REQUEST user=admin role=ADMIN method=GET path=/scanning/jobs/22/status/ status=200
2026-09-29 09:11:11,003 [INFO] vulnscan.audit: REQUEST user=admin role=ADMIN method=GET path=/scanning/jobs/22/status/ status=200
2026-09-29 09:11:15,022 [INFO] vulnscan.audit: REQUEST user=admin role=ADMIN method=GET path=/scanning/jobs/22/status/ status=200
2026-09-29 09:11:19,036 [INFO] vulnscan.audit: REQUEST user=admin role=ADMIN method=GET path=/scanning/jobs/22/status/ status=200
2026-09-29 09:11:23,055 [INFO] vulnscan.audit: REQUEST user=admin role=ADMIN method=GET path=/scanning/jobs/22/status/ status=200
2026-09-29 09:11:27,074 [INFO] vulnscan.audit: REQUEST user=admin role=ADMIN method=GET path=/scanning/jobs/22/status/ status=200
2026-09-29 09:11:31,091 [INFO] vulnscan.audit: REQUEST user=admin role=ADMIN method=GET path=/scanning/jobs/22/status/ status=200
2026-09-29 09:11:35,108 [INFO] vulnscan.audit: REQUEST user=admin role=ADMIN method=GET path=/scanning/jobs/22/status/ status=200
2026-09-29 09:11:39,133 [INFO] vulnscan.audit: REQUEST user=admin role=ADMIN method=GET path=/scanning/jobs/22/status/ status=200
2026-09-29 09:11:44,099 [INFO] vulnscan.audit: REQUEST user=admin role=ADMIN method=GET path=/scanning/jobs/22/status/ status=200
2026-09-29 09:11:49,093 [INFO] vulnscan.audit: REQUEST user=admin role=ADMIN method=GET path=/scanning/jobs/22/status/ status=200
2026-09-29 09:11:54,093 [INFO] vulnscan.audit: REQUEST user=admin role=ADMIN method=GET path=/scanning/jobs/22/status/ status=200
2026-09-29 09:11:59,100 [INFO] vulnscan.audit: REQUEST user=admin role=ADMIN method=GET path=/scanning/jobs/22/status/ status=200
2026-09-29 09:12:04,095 [INFO] vulnscan.audit: REQUEST user=admin role=ADMIN method=GET path=/scanning/jobs/22/status/ status=200
2026-09-29 09:12:09,101 [INFO] vulnscan.audit: REQUEST user=admin role=ADMIN method=GET path=/scanning/jobs/22/status/ status=200
2026-09-29 09:12:14,102 [INFO] vulnscan.audit: REQUEST user=admin role=ADMIN method=GET path=/scanning/jobs/22/status/ status=200
2026-09-29 09:12:19,091 [INFO] vulnscan.audit: REQUEST user=admin role=ADMIN method=GET path=/scanning/jobs/22/status/ status=200
2026-09-29 09:12:24,097 [INFO] vulnscan.audit: REQUEST user=admin role=ADMIN method=GET path=/scanning/jobs/22/status/ status=200
2026-09-29 09:12:29,096 [INFO] vulnscan.audit: REQUEST user=admin role=ADMIN method=GET path=/scanning/jobs/22/status/ status=200
2026-09-29 09:12:34,101 [INFO] vulnscan.audit: REQUEST user=admin role=ADMIN method=GET path=/scanning/jobs/22/status/ status=200
2026-09-29 09:12:39,095 [INFO] vulnscan.audit: REQUEST user=admin role=ADMIN method=GET path=/scanning/jobs/22/status/ status=200
2026-09-29 09:12:44,101 [INFO] vulnscan.audit: REQUEST user=admin role=ADMIN method=GET path=/scanning/jobs/22/status/ status=200
2026-09-29 09:12:49,090 [INFO] vulnscan.audit: REQUEST user=admin role=ADMIN method=GET path=/scanning/jobs/22/status/ status=200
2026-09-29 09:12:54,091 [INFO] vulnscan.audit: REQUEST user=admin role=ADMIN method=GET path=/scanning/jobs/22/status/ status=200
2026-09-29 09:12:59,093 [INFO] vulnscan.audit: REQUEST user=admin role=ADMIN method=GET path=/scanning/jobs/22/status/ status=200
2026-09-29 09:13:04,090 [INFO] vulnscan.audit: REQUEST user=admin role=ADMIN method=GET path=/scanning/jobs/22/status/ status=200
2026-09-29 09:13:09,100 [INFO] vulnscan.audit: REQUEST user=admin role=ADMIN method=GET path=/scanning/jobs/22/status/ status=200
2026-09-29 09:13:14,095 [INFO] vulnscan.audit: REQUEST user=admin role=ADMIN method=GET path=/scanning/jobs/22/status/ status=200
2026-09-29 09:13:19,098 [INFO] vulnscan.audit: REQUEST user=admin role=ADMIN method=GET path=/scanning/jobs/22/status/ status=200
2026-09-29 09:13:24,098 [INFO] vulnscan.audit: REQUEST user=admin role=ADMIN method=GET path=/scanning/jobs/22/status/ status=200
2026-09-29 09:13:29,096 [INFO] vulnscan.audit: REQUEST user=admin role=ADMIN method=GET path=/scanning/jobs/22/status/ status=200
2026-09-29 09:13:34,095 [INFO] vulnscan.audit: REQUEST user=admin role=ADMIN method=GET path=/scanning/jobs/22/status/ status=200
2026-09-29 09:13:39,104 [INFO] vulnscan.audit: REQUEST user=admin role=ADMIN method=GET path=/scanning/jobs/22/status/ status=200
2026-09-29 09:13:44,097 [INFO] vulnscan.audit: REQUEST user=admin role=ADMIN method=GET path=/scanning/jobs/22/status/ status=200
2026-09-29 09:13:49,099 [INFO] vulnscan.audit: REQUEST user=admin role=ADMIN method=GET path=/scanning/jobs/22/status/ status=200
2026-09-29 09:13:54,095 [INFO] vulnscan.audit: REQUEST user=admin role=ADMIN method=GET path=/scanning/jobs/22/status/ status=200
2026-09-29 09:13:59,096 [INFO] vulnscan.audit: REQUEST user=admin role=ADMIN method=GET path=/scanning/jobs/22/status/ status=200
2026-09-29 09:14:03,110 [INFO] vulnscan.audit: REQUEST user=admin role=ADMIN method=GET path=/scanning/jobs/22/status/ status=200
2026-09-29 09:14:04,405 [INFO] vulnscan.audit: REQUEST user=admin role=ADMIN method=GET path=/scanning/ status=200
2026-09-29 09:14:19,343 [INFO] vulnscan.audit: REQUEST user=admin role=ADMIN method=GET path=/scanning/targets/add/ status=200
2026-09-29 09:14:19,603 [INFO] vulnscan.audit: REQUEST user=admin role=ADMIN method=GET path=/scanning/targets/wifi/ status=200
2026-09-29 09:14:22,732 [INFO] vulnscan.audit: REQUEST user=admin role=ADMIN method=POST path=/scanning/targets/add/ status=302
2026-09-29 09:14:22,767 [INFO] vulnscan.audit: REQUEST user=admin role=ADMIN method=GET path=/scanning/ status=200
2026-09-29 09:15:03,021 [INFO] vulnscan.audit: REQUEST user=admin role=ADMIN method=GET path=/scanning/ status=200
2026-09-29 09:15:07,668 [INFO] vulnscan.audit: REQUEST user=admin role=ADMIN method=POST path=/scanning/launch/ status=302
2026-09-29 09:15:07,724 [INFO] vulnscan.audit: REQUEST user=admin role=ADMIN method=GET path=/scanning/jobs/23/ status=200
2026-09-29 09:15:11,759 [INFO] vulnscan.audit: REQUEST user=admin role=ADMIN method=GET path=/scanning/jobs/23/status/ status=200
2026-09-29 09:15:15,773 [INFO] vulnscan.audit: REQUEST user=admin role=ADMIN method=GET path=/scanning/jobs/23/status/ status=200
2026-09-29 09:15:19,093 [INFO] vulnscan.audit: User logout: username=admin ip=127.0.0.1
2026-09-29 09:15:27,818 [INFO] vulnscan.audit: Successful login: username=admin role=ADMIN ip=127.0.0.1
2026-09-29 09:15:27,818 [INFO] vulnscan.audit: REQUEST user=admin role=ADMIN method=POST path=/accounts/login/ status=302
2026-09-29 09:15:27,931 [INFO] vulnscan.audit: REQUEST user=admin role=ADMIN method=GET path=/ status=200
2026-09-29 09:15:30,775 [INFO] vulnscan.audit: REQUEST user=admin role=ADMIN method=GET path=/scanning/ status=200
2026-09-29 09:15:50,834 [INFO] vulnscan.audit: SCAN_COMPLETED job=23 target=192.168.137.0/24
2026-09-29 09:15:50,856 [INFO] vulnscan.audit: CORRELATION_COMPLETE job=23 findings=2
2026-09-29 09:16:37,593 [INFO] vulnscan.audit: REQUEST user=admin role=ADMIN method=GET path=/scanning/jobs/23/ status=200
2026-09-29 09:16:46,854 [INFO] vulnscan.audit: REQUEST user=admin role=ADMIN method=GET path=/scanning/targets/11/trend/ status=200
2026-09-29 09:16:48,804 [INFO] vulnscan.audit: REQUEST user=admin role=ADMIN method=GET path=/scanning/jobs/23/ status=200
2026-09-29 09:16:50,972 [INFO] vulnscan.audit: REQUEST user=admin role=ADMIN method=GET path=/reports/generate/23/pdf/ status=302
2026-09-29 09:16:51,005 [INFO] vulnscan.audit: REQUEST user=admin role=ADMIN method=GET path=/reports/ status=200
2026-09-29 09:17:56,275 [INFO] vulnscan.audit: REQUEST user=admin role=ADMIN method=GET path=/scanning/ status=200
2026-09-29 09:18:05,944 [INFO] vulnscan.audit: REQUEST user=admin role=ADMIN method=GET path=/ status=200
2026-09-29 09:18:07,399 [INFO] vulnscan.audit: REQUEST user=admin role=ADMIN method=GET path=/scanning/ status=200
2026-09-29 09:18:38,693 [INFO] vulnscan.audit: REQUEST user=admin role=ADMIN method=GET path=/scanning/ status=200
2026-09-29 09:18:44,305 [INFO] vulnscan.audit: REQUEST user=admin role=ADMIN method=GET path=/.well-known/appspecific/com.chrome.devtools.json status=404
2026-09-29 09:19:48,986 [INFO] vulnscan.audit: REQUEST user=admin role=ADMIN method=GET path=/scanning/ status=200
2026-09-29 09:19:49,059 [INFO] vulnscan.audit: REQUEST user=admin role=ADMIN method=GET path=/.well-known/appspecific/com.chrome.devtools.json status=404
2026-09-29 09:19:50,008 [INFO] vulnscan.audit: REQUEST user=admin role=ADMIN method=GET path=/scanning/ status=200
2026-09-29 09:19:50,073 [INFO] vulnscan.audit: REQUEST user=admin role=ADMIN method=GET path=/.well-known/appspecific/com.chrome.devtools.json status=404
2026-09-29 09:19:50,572 [INFO] vulnscan.audit: REQUEST user=admin role=ADMIN method=GET path=/scanning/ status=200
2026-09-29 09:19:50,618 [INFO] vulnscan.audit: REQUEST user=admin role=ADMIN method=GET path=/.well-known/appspecific/com.chrome.devtools.json status=404
2026-09-29 09:19:51,123 [INFO] vulnscan.audit: REQUEST user=admin role=ADMIN method=GET path=/scanning/ status=200
2026-09-29 09:19:51,177 [INFO] vulnscan.audit: REQUEST user=admin role=ADMIN method=GET path=/.well-known/appspecific/com.chrome.devtools.json status=404
2026-09-29 09:20:12,299 [INFO] vulnscan.audit: REQUEST user=admin role=ADMIN method=GET path=/scanning/ status=200
2026-09-29 09:20:12,372 [INFO] vulnscan.audit: REQUEST user=admin role=ADMIN method=GET path=/.well-known/appspecific/com.chrome.devtools.json status=404
2026-09-29 09:20:15,842 [INFO] vulnscan.audit: REQUEST user=admin role=ADMIN method=GET path=/scanning/ status=200
2026-09-29 09:20:16,276 [INFO] vulnscan.audit: REQUEST user=admin role=ADMIN method=GET path=/scanning/ status=200
2026-09-29 09:20:16,528 [INFO] vulnscan.audit: REQUEST user=admin role=ADMIN method=GET path=/scanning/ status=200
2026-09-29 09:20:16,750 [INFO] vulnscan.audit: REQUEST user=admin role=ADMIN method=GET path=/scanning/ status=200
2026-09-29 09:20:20,461 [INFO] vulnscan.audit: User logout: username=admin ip=127.0.0.1
2026-09-29 09:20:24,524 [INFO] vulnscan.audit: Successful login: username=admin role=ADMIN ip=127.0.0.1
2026-09-29 09:20:24,524 [INFO] vulnscan.audit: REQUEST user=admin role=ADMIN method=POST path=/accounts/login/ status=302
2026-09-29 09:20:24,573 [INFO] vulnscan.audit: REQUEST user=admin role=ADMIN method=GET path=/ status=200
2026-09-29 09:20:36,254 [INFO] vulnscan.audit: REQUEST user=admin role=ADMIN method=GET path=/ status=200
2026-09-29 09:20:41,899 [INFO] vulnscan.audit: REQUEST user=admin role=ADMIN method=GET path=/.well-known/appspecific/com.chrome.devtools.json status=404
2026-09-29 09:21:19,663 [INFO] vulnscan.audit: REQUEST user=admin role=ADMIN method=GET path=/ status=200
2026-09-29 09:21:19,760 [INFO] vulnscan.audit: REQUEST user=admin role=ADMIN method=GET path=/.well-known/appspecific/com.chrome.devtools.json status=404
2026-09-29 09:21:21,184 [INFO] vulnscan.audit: REQUEST user=admin role=ADMIN method=GET path=/ status=200
2026-09-29 09:21:21,233 [INFO] vulnscan.audit: REQUEST user=admin role=ADMIN method=GET path=/.well-known/appspecific/com.chrome.devtools.json status=404
2026-09-29 09:21:21,834 [INFO] vulnscan.audit: REQUEST user=admin role=ADMIN method=GET path=/ status=200
2026-09-29 09:21:21,885 [INFO] vulnscan.audit: REQUEST user=admin role=ADMIN method=GET path=/.well-known/appspecific/com.chrome.devtools.json status=404
2026-09-29 09:21:40,453 [INFO] vulnscan.audit: REQUEST user=admin role=ADMIN method=GET path=/ status=200
2026-09-29 09:21:41,826 [INFO] vulnscan.audit: REQUEST user=admin role=ADMIN method=GET path=/ status=200
2026-09-29 09:21:42,943 [INFO] vulnscan.audit: REQUEST user=admin role=ADMIN method=GET path=/analytics/ status=200
2026-09-29 09:21:44,079 [INFO] vulnscan.audit: REQUEST user=admin role=ADMIN method=GET path=/scanning/ status=200
2026-09-29 09:22:09,811 [INFO] vulnscan.audit: REQUEST user=admin role=ADMIN method=GET path=/.well-known/appspecific/com.chrome.devtools.json status=404
2026-09-29 09:22:34,678 [INFO] vulnscan.audit: REQUEST user=admin role=ADMIN method=GET path=/scanning/ status=200
2026-09-29 09:22:34,763 [INFO] vulnscan.audit: REQUEST user=admin role=ADMIN method=GET path=/.well-known/appspecific/com.chrome.devtools.json status=404
2026-09-29 09:22:56,279 [INFO] vulnscan.audit: REQUEST user=admin role=ADMIN method=GET path=/scanning/ status=200
2026-09-29 09:22:56,332 [INFO] vulnscan.audit: REQUEST user=admin role=ADMIN method=GET path=/.well-known/appspecific/com.chrome.devtools.json status=404
2026-09-29 09:22:56,825 [INFO] vulnscan.audit: REQUEST user=admin role=ADMIN method=GET path=/scanning/ status=200
2026-09-29 09:22:56,898 [INFO] vulnscan.audit: REQUEST user=admin role=ADMIN method=GET path=/.well-known/appspecific/com.chrome.devtools.json status=404
2026-09-29 09:22:57,280 [INFO] vulnscan.audit: REQUEST user=admin role=ADMIN method=GET path=/scanning/ status=200
2026-09-29 09:22:57,329 [INFO] vulnscan.audit: REQUEST user=admin role=ADMIN method=GET path=/.well-known/appspecific/com.chrome.devtools.json status=404
2026-09-29 09:23:11,757 [INFO] vulnscan.audit: REQUEST user=admin role=ADMIN method=GET path=/scanning/ status=200
2026-09-29 09:23:12,303 [INFO] vulnscan.audit: REQUEST user=admin role=ADMIN method=GET path=/scanning/ status=200
2026-09-29 09:23:15,312 [INFO] vulnscan.audit: REQUEST user=admin role=ADMIN method=GET path=/scanning/ status=200
2026-09-29 09:23:15,590 [INFO] vulnscan.audit: REQUEST user=admin role=ADMIN method=GET path=/scanning/ status=200
2026-09-29 09:23:15,780 [INFO] vulnscan.audit: REQUEST user=admin role=ADMIN method=GET path=/scanning/ status=200
2026-09-29 09:23:18,664 [INFO] vulnscan.audit: REQUEST user=admin role=ADMIN method=GET path=/scanning/ status=200
2026-09-29 09:23:52,427 [INFO] vulnscan.audit: REQUEST user=admin role=ADMIN method=GET path=/scanning/ status=200
2026-09-29 09:23:54,458 [INFO] vulnscan.audit: REQUEST user=admin role=ADMIN method=GET path=/ status=200
2026-09-29 09:23:55,847 [INFO] vulnscan.audit: REQUEST user=admin role=ADMIN method=GET path=/ status=200
2026-09-29 09:23:58,742 [INFO] vulnscan.audit: REQUEST user=admin role=ADMIN method=GET path=/accounts/logs/ status=200
2026-09-29 09:24:00,137 [INFO] vulnscan.audit: REQUEST user=admin role=ADMIN method=GET path=/accounts/manage/ status=200
2026-09-29 09:24:05,703 [INFO] vulnscan.audit: REQUEST user=admin role=ADMIN method=GET path=/vulnassess/ status=200
2026-09-29 09:24:07,293 [INFO] vulnscan.audit: REQUEST user=admin role=ADMIN method=GET path=/scanning/ status=200
2026-09-29 09:24:09,672 [INFO] vulnscan.audit: REQUEST user=admin role=ADMIN method=GET path=/analytics/ status=200
2026-09-29 09:24:11,569 [INFO] vulnscan.audit: REQUEST user=admin role=ADMIN method=GET path=/ status=200
2026-09-29 09:24:23,601 [INFO] vulnscan.audit: REQUEST user=admin role=ADMIN method=GET path=/ status=200
2026-09-29 09:25:00,611 [INFO] vulnscan.audit: REQUEST user=admin role=ADMIN method=GET path=/ status=200
2026-09-29 09:25:36,916 [INFO] vulnscan.audit: REQUEST user=admin role=ADMIN method=GET path=/ status=200
2026-09-29 09:25:42,032 [INFO] vulnscan.audit: User logout: username=admin ip=127.0.0.1
2026-09-29 09:25:54,797 [INFO] vulnscan.audit: Successful login: username=admin role=ADMIN ip=127.0.0.1
2026-09-29 09:25:54,798 [INFO] vulnscan.audit: REQUEST user=admin role=ADMIN method=POST path=/accounts/login/ status=302
2026-09-29 09:25:54,845 [INFO] vulnscan.audit: REQUEST user=admin role=ADMIN method=GET path=/ status=200
2026-09-29 09:26:32,650 [INFO] vulnscan.audit: REQUEST user=admin role=ADMIN method=GET path=/ status=200
2026-09-29 09:26:33,290 [INFO] vulnscan.audit: REQUEST user=admin role=ADMIN method=GET path=/ status=200
2026-09-29 09:26:33,787 [INFO] vulnscan.audit: REQUEST user=admin role=ADMIN method=GET path=/ status=200
2026-09-29 09:26:34,228 [INFO] vulnscan.audit: REQUEST user=admin role=ADMIN method=GET path=/ status=200
2026-09-29 09:26:34,633 [INFO] vulnscan.audit: REQUEST user=admin role=ADMIN method=GET path=/ status=200
2026-09-29 09:26:34,980 [INFO] vulnscan.audit: REQUEST user=admin role=ADMIN method=GET path=/ status=200
2026-09-29 09:26:35,276 [INFO] vulnscan.audit: REQUEST user=admin role=ADMIN method=GET path=/ status=200
2026-09-29 09:26:54,591 [INFO] vulnscan.audit: REQUEST user=admin role=ADMIN method=GET path=/ status=200
2026-09-29 09:26:55,173 [INFO] vulnscan.audit: REQUEST user=admin role=ADMIN method=GET path=/ status=200
2026-09-29 09:26:55,497 [INFO] vulnscan.audit: REQUEST user=admin role=ADMIN method=GET path=/ status=200
2026-09-29 09:26:55,758 [INFO] vulnscan.audit: REQUEST user=admin role=ADMIN method=GET path=/ status=200
2026-09-29 09:27:46,824 [INFO] vulnscan.audit: REQUEST user=admin role=ADMIN method=GET path=/.well-known/appspecific/com.chrome.devtools.json status=404
2026-09-29 09:28:06,207 [INFO] vulnscan.audit: REQUEST user=admin role=ADMIN method=GET path=/ status=200
2026-09-29 09:28:06,285 [INFO] vulnscan.audit: REQUEST user=admin role=ADMIN method=GET path=/.well-known/appspecific/com.chrome.devtools.json status=404
2026-09-29 09:28:06,919 [INFO] vulnscan.audit: REQUEST user=admin role=ADMIN method=GET path=/ status=200
2026-09-29 09:28:06,971 [INFO] vulnscan.audit: REQUEST user=admin role=ADMIN method=GET path=/.well-known/appspecific/com.chrome.devtools.json status=404
2026-09-29 09:28:28,644 [INFO] vulnscan.audit: REQUEST user=admin role=ADMIN method=GET path=/analytics/ status=200
2026-09-29 09:28:28,700 [INFO] vulnscan.audit: REQUEST user=admin role=ADMIN method=GET path=/.well-known/appspecific/com.chrome.devtools.json status=404
2026-09-29 09:28:30,543 [INFO] vulnscan.audit: REQUEST user=admin role=ADMIN method=GET path=/ status=200
2026-09-29 09:28:30,598 [INFO] vulnscan.audit: REQUEST user=admin role=ADMIN method=GET path=/.well-known/appspecific/com.chrome.devtools.json status=404
2026-09-29 09:28:31,529 [INFO] vulnscan.audit: REQUEST user=admin role=ADMIN method=GET path=/ status=200
2026-09-29 09:28:31,578 [INFO] vulnscan.audit: REQUEST user=admin role=ADMIN method=GET path=/.well-known/appspecific/com.chrome.devtools.json status=404
2026-09-29 09:28:34,972 [INFO] vulnscan.audit: REQUEST user=admin role=ADMIN method=GET path=/analytics/ status=200
2026-09-29 09:28:36,309 [INFO] vulnscan.audit: REQUEST user=admin role=ADMIN method=GET path=/scanning/ status=200
2026-09-29 09:31:04,367 [INFO] vulnscan.audit: REQUEST user=admin role=ADMIN method=GET path=/scanning/ status=200
2026-09-29 09:31:05,798 [INFO] vulnscan.audit: REQUEST user=admin role=ADMIN method=GET path=/analytics/ status=200
2026-09-29 09:31:06,947 [INFO] vulnscan.audit: REQUEST user=admin role=ADMIN method=GET path=/scanning/ status=200
2026-09-29 09:33:13,645 [INFO] vulnscan.audit: REQUEST user=admin role=ADMIN method=GET path=/scanning/ status=500
2026-09-29 09:33:26,563 [INFO] vulnscan.audit: REQUEST user=admin role=ADMIN method=GET path=/scanning/ status=200
2026-09-29 09:34:03,013 [INFO] vulnscan.audit: REQUEST user=admin role=ADMIN method=GET path=/scanning/ status=200
2026-09-29 09:34:04,458 [INFO] vulnscan.audit: REQUEST user=admin role=ADMIN method=GET path=/analytics/ status=200
2026-09-29 09:34:06,035 [INFO] vulnscan.audit: REQUEST user=admin role=ADMIN method=GET path=/ status=200
2026-09-29 09:34:42,264 [INFO] vulnscan.audit: REQUEST user=admin role=ADMIN method=GET path=/ status=200
2026-09-29 09:34:44,015 [INFO] vulnscan.audit: REQUEST user=admin role=ADMIN method=GET path=/ status=200
2026-09-29 09:34:45,147 [INFO] vulnscan.audit: REQUEST user=admin role=ADMIN method=GET path=/analytics/ status=200
2026-09-29 09:34:56,878 [INFO] vulnscan.audit: REQUEST user=admin role=ADMIN method=GET path=/ status=200
2026-09-29 09:35:36,391 [INFO] vulnscan.audit: REQUEST user=admin role=ADMIN method=GET path=/ status=200
2026-09-29 09:35:38,260 [INFO] vulnscan.audit: REQUEST user=admin role=ADMIN method=GET path=/analytics/ status=200
2026-09-29 09:35:39,492 [INFO] vulnscan.audit: REQUEST user=admin role=ADMIN method=GET path=/ status=200
2026-09-29 09:35:43,018 [INFO] vulnscan.audit: REQUEST user=admin role=ADMIN method=GET path=/.well-known/appspecific/com.chrome.devtools.json status=404
2026-09-29 09:35:50,625 [INFO] vulnscan.audit: REQUEST user=admin role=ADMIN method=GET path=/.well-known/appspecific/com.chrome.devtools.json status=404
2026-09-29 09:35:57,942 [INFO] vulnscan.audit: REQUEST user=admin role=ADMIN method=GET path=/.well-known/appspecific/com.chrome.devtools.json status=404
2026-09-29 09:36:11,790 [INFO] vulnscan.audit: REQUEST user=admin role=ADMIN method=GET path=/ status=200
2026-09-29 09:36:11,875 [INFO] vulnscan.audit: REQUEST user=admin role=ADMIN method=GET path=/.well-known/appspecific/com.chrome.devtools.json status=404
2026-09-29 09:36:12,775 [INFO] vulnscan.audit: REQUEST user=admin role=ADMIN method=GET path=/analytics/ status=200
2026-09-29 09:36:12,836 [INFO] vulnscan.audit: REQUEST user=admin role=ADMIN method=GET path=/.well-known/appspecific/com.chrome.devtools.json status=404
2026-09-29 09:36:25,249 [INFO] vulnscan.audit: REQUEST user=admin role=ADMIN method=GET path=/analytics/ status=200
2026-09-29 09:36:28,666 [INFO] vulnscan.audit: REQUEST user=admin role=ADMIN method=GET path=/ status=200
2026-09-29 09:36:29,969 [INFO] vulnscan.audit: REQUEST user=admin role=ADMIN method=GET path=/ status=200
2026-09-29 09:37:16,445 [INFO] vulnscan.audit: REQUEST user=admin role=ADMIN method=GET path=/ status=200
2026-09-29 09:38:23,502 [INFO] vulnscan.audit: REQUEST user=admin role=ADMIN method=GET path=/ status=200
2026-09-29 09:38:23,572 [INFO] vulnscan.audit: REQUEST user=admin role=ADMIN method=GET path=/.well-known/appspecific/com.chrome.devtools.json status=404
2026-09-29 09:41:25,897 [INFO] vulnscan.audit: REQUEST user=admin role=ADMIN method=GET path=/scanning/ status=200
2026-09-29 09:41:28,760 [INFO] vulnscan.audit: REQUEST user=admin role=ADMIN method=GET path=/scanning/targets/add/ status=200
2026-09-29 09:41:29,024 [INFO] vulnscan.audit: REQUEST user=admin role=ADMIN method=GET path=/scanning/targets/wifi/ status=200
2026-09-29 09:41:33,175 [INFO] vulnscan.audit: REQUEST user=admin role=ADMIN method=GET path=/scanning/targets/wifi/ status=200
2026-09-29 09:41:49,530 [INFO] vulnscan.audit: REQUEST user=admin role=ADMIN method=GET path=/scanning/targets/wifi/ status=200
2026-09-29 09:41:55,282 [INFO] vulnscan.audit: REQUEST user=admin role=ADMIN method=GET path=/scanning/ status=200
2026-09-29 09:42:02,270 [INFO] vulnscan.audit: REQUEST user=admin role=ADMIN method=POST path=/scanning/launch/ status=302
2026-09-29 09:42:02,333 [INFO] vulnscan.audit: REQUEST user=admin role=ADMIN method=GET path=/scanning/jobs/24/ status=200
2026-09-29 09:42:06,369 [INFO] vulnscan.audit: REQUEST user=admin role=ADMIN method=GET path=/scanning/jobs/24/status/ status=200
2026-09-29 09:42:10,384 [INFO] vulnscan.audit: REQUEST user=admin role=ADMIN method=GET path=/scanning/jobs/24/status/ status=200
2026-09-29 09:42:14,401 [INFO] vulnscan.audit: REQUEST user=admin role=ADMIN method=GET path=/scanning/jobs/24/status/ status=200
2026-09-29 09:42:16,639 [INFO] vulnscan.audit: SCAN_COMPLETED job=24 target=192.168.137.145
2026-09-29 09:42:16,654 [INFO] vulnscan.audit: CORRELATION_COMPLETE job=24 findings=1
2026-09-29 09:42:18,418 [INFO] vulnscan.audit: REQUEST user=admin role=ADMIN method=GET path=/scanning/jobs/24/status/ status=200
2026-09-29 09:42:19,353 [INFO] vulnscan.audit: REQUEST user=admin role=ADMIN method=GET path=/scanning/jobs/24/ status=200
2026-09-29 09:42:31,586 [INFO] vulnscan.audit: REQUEST user=admin role=ADMIN method=GET path=/scanning/targets/10/trend/ status=200
2026-09-29 09:42:35,596 [INFO] vulnscan.audit: REQUEST user=admin role=ADMIN method=GET path=/scanning/jobs/18/ status=200
2026-09-29 09:42:40,097 [INFO] vulnscan.audit: REQUEST user=admin role=ADMIN method=GET path=/reports/generate/18/pdf/ status=302
2026-09-29 09:42:40,120 [INFO] vulnscan.audit: REQUEST user=admin role=ADMIN method=GET path=/reports/ status=200
2026-09-29 09:43:02,786 [INFO] vulnscan.audit: REQUEST user=admin role=ADMIN method=GET path=/accounts/manage/ status=200
2026-09-29 09:43:04,781 [INFO] vulnscan.audit: REQUEST user=admin role=ADMIN method=GET path=/scanning/ status=200
2026-09-29 09:43:11,795 [INFO] vulnscan.audit: REQUEST user=admin role=ADMIN method=GET path=/.well-known/appspecific/com.chrome.devtools.json status=404
2026-09-29 09:43:54,581 [INFO] vulnscan.audit: REQUEST user=admin role=ADMIN method=GET path=/scanning/ status=200
2026-09-29 09:43:54,676 [INFO] vulnscan.audit: REQUEST user=admin role=ADMIN method=GET path=/.well-known/appspecific/com.chrome.devtools.json status=404
2026-09-29 09:43:55,398 [INFO] vulnscan.audit: REQUEST user=admin role=ADMIN method=GET path=/scanning/ status=200
2026-09-29 09:43:55,446 [INFO] vulnscan.audit: REQUEST user=admin role=ADMIN method=GET path=/.well-known/appspecific/com.chrome.devtools.json status=404
2026-09-29 09:43:55,835 [INFO] vulnscan.audit: REQUEST user=admin role=ADMIN method=GET path=/scanning/ status=200
2026-09-29 09:43:55,882 [INFO] vulnscan.audit: REQUEST user=admin role=ADMIN method=GET path=/.well-known/appspecific/com.chrome.devtools.json status=404
2026-09-29 09:43:56,192 [INFO] vulnscan.audit: REQUEST user=admin role=ADMIN method=GET path=/scanning/ status=200
2026-09-29 09:43:56,276 [INFO] vulnscan.audit: REQUEST user=admin role=ADMIN method=GET path=/.well-known/appspecific/com.chrome.devtools.json status=404
2026-09-29 09:43:56,543 [INFO] vulnscan.audit: REQUEST user=admin role=ADMIN method=GET path=/scanning/ status=200
2026-09-29 09:43:56,624 [INFO] vulnscan.audit: REQUEST user=admin role=ADMIN method=GET path=/.well-known/appspecific/com.chrome.devtools.json status=404
2026-09-29 09:44:17,545 [INFO] vulnscan.audit: REQUEST user=admin role=ADMIN method=GET path=/scanning/ status=200
2026-09-29 09:44:17,613 [INFO] vulnscan.audit: REQUEST user=admin role=ADMIN method=GET path=/.well-known/appspecific/com.chrome.devtools.json status=404
2026-09-29 09:46:05,840 [INFO] vulnscan.audit: REQUEST user=admin role=ADMIN method=GET path=/scanning/ status=200
2026-09-29 09:46:05,937 [INFO] vulnscan.audit: REQUEST user=admin role=ADMIN method=GET path=/.well-known/appspecific/com.chrome.devtools.json status=404
2026-09-29 09:47:41,785 [INFO] vulnscan.audit: REQUEST user=admin role=ADMIN method=GET path=/scanning/ status=200
2026-09-29 09:47:41,858 [INFO] vulnscan.audit: REQUEST user=admin role=ADMIN method=GET path=/.well-known/appspecific/com.chrome.devtools.json status=404
2026-09-29 09:47:42,569 [INFO] vulnscan.audit: REQUEST user=admin role=ADMIN method=GET path=/scanning/ status=200
2026-09-29 09:47:42,617 [INFO] vulnscan.audit: REQUEST user=admin role=ADMIN method=GET path=/.well-known/appspecific/com.chrome.devtools.json status=404
2026-09-29 09:47:42,977 [INFO] vulnscan.audit: REQUEST user=admin role=ADMIN method=GET path=/scanning/ status=200
2026-09-29 09:47:43,030 [INFO] vulnscan.audit: REQUEST user=admin role=ADMIN method=GET path=/.well-known/appspecific/com.chrome.devtools.json status=404
2026-09-29 09:47:44,397 [INFO] vulnscan.audit: REQUEST user=admin role=ADMIN method=GET path=/analytics/ status=200
2026-09-29 09:47:44,440 [INFO] vulnscan.audit: REQUEST user=admin role=ADMIN method=GET path=/.well-known/appspecific/com.chrome.devtools.json status=404
2026-09-29 09:47:46,432 [INFO] vulnscan.audit: REQUEST user=admin role=ADMIN method=GET path=/ status=200
2026-09-29 09:47:46,484 [INFO] vulnscan.audit: REQUEST user=admin role=ADMIN method=GET path=/.well-known/appspecific/com.chrome.devtools.json status=404
2026-09-29 09:48:19,511 [INFO] vulnscan.audit: Successful login: username=admin role=ADMIN ip=127.0.0.1
2026-09-29 09:48:19,511 [INFO] vulnscan.audit: REQUEST user=admin role=ADMIN method=POST path=/accounts/login/ status=302
2026-09-29 09:48:19,549 [INFO] vulnscan.audit: REQUEST user=admin role=ADMIN method=GET path=/ status=200
2026-09-29 09:48:25,500 [INFO] vulnscan.audit: User logout: username=admin ip=127.0.0.1
2026-09-29 12:55:27,394 [INFO] vulnscan.audit: Successful login: username=admin role=ADMIN ip=127.0.0.1
2026-09-29 12:55:27,396 [INFO] vulnscan.audit: REQUEST user=admin role=ADMIN method=POST path=/accounts/login/ status=302
2026-09-29 12:55:27,552 [INFO] vulnscan.audit: REQUEST user=admin role=ADMIN method=GET path=/ status=200
2026-09-29 12:55:43,734 [INFO] vulnscan.audit: REQUEST user=admin role=ADMIN method=GET path=/ status=200
2026-09-29 12:55:49,699 [INFO] vulnscan.audit: REQUEST user=admin role=ADMIN method=GET path=/.well-known/appspecific/com.chrome.devtools.json status=404
2026-09-29 12:56:18,898 [INFO] vulnscan.audit: REQUEST user=admin role=ADMIN method=GET path=/ status=200
2026-09-29 12:56:28,029 [INFO] vulnscan.audit: REQUEST user=admin role=ADMIN method=GET path=/ status=200
2026-09-29 12:56:39,754 [INFO] vulnscan.audit: REQUEST user=admin role=ADMIN method=GET path=/ status=200
2026-09-29 12:56:47,503 [INFO] vulnscan.audit: REQUEST user=admin role=ADMIN method=GET path=/ status=200
2026-09-29 12:57:01,907 [INFO] vulnscan.audit: REQUEST user=admin role=ADMIN method=GET path=/ status=200
2026-09-29 12:57:15,101 [INFO] vulnscan.audit: REQUEST user=admin role=ADMIN method=GET path=/ status=200
2026-09-29 12:57:19,878 [INFO] vulnscan.audit: REQUEST user=admin role=ADMIN method=GET path=/ status=200
2026-09-29 12:57:21,708 [INFO] vulnscan.audit: REQUEST user=admin role=ADMIN method=GET path=/ status=200
2026-09-29 12:57:21,958 [INFO] vulnscan.audit: REQUEST user=admin role=ADMIN method=GET path=/ status=200
2026-09-29 12:57:32,846 [INFO] vulnscan.audit: REQUEST user=admin role=ADMIN method=GET path=/ status=500
2026-09-29 12:57:36,529 [INFO] vulnscan.audit: REQUEST user=admin role=ADMIN method=GET path=/ status=500
2026-09-29 12:57:59,648 [INFO] vulnscan.audit: REQUEST user=admin role=ADMIN method=GET path=/ status=500
2026-09-29 12:58:02,652 [INFO] vulnscan.audit: REQUEST user=admin role=ADMIN method=GET path=/ status=500
2026-09-29 12:58:07,562 [INFO] vulnscan.audit: REQUEST user=admin role=ADMIN method=GET path=/ status=200
2026-09-29 12:58:13,488 [INFO] vulnscan.audit: REQUEST user=admin role=ADMIN method=GET path=/ status=200
2026-09-29 12:58:21,420 [INFO] vulnscan.audit: REQUEST user=admin role=ADMIN method=GET path=/ status=200
2026-09-29 12:58:29,560 [INFO] vulnscan.audit: REQUEST user=admin role=ADMIN method=GET path=/ status=500
2026-09-29 12:58:32,854 [INFO] vulnscan.audit: REQUEST user=admin role=ADMIN method=GET path=/ status=200
2026-09-29 13:00:00,778 [INFO] vulnscan.audit: REQUEST user=admin role=ADMIN method=GET path=/ status=200
2026-09-29 13:00:12,536 [INFO] vulnscan.audit: REQUEST user=admin role=ADMIN method=GET path=/ status=200
2026-09-29 13:00:14,227 [INFO] vulnscan.audit: REQUEST user=admin role=ADMIN method=GET path=/ status=200
2026-09-29 13:00:14,469 [INFO] vulnscan.audit: REQUEST user=admin role=ADMIN method=GET path=/ status=200
2026-09-29 13:00:14,693 [INFO] vulnscan.audit: REQUEST user=admin role=ADMIN method=GET path=/ status=200
2026-09-29 13:00:17,499 [INFO] vulnscan.audit: REQUEST user=admin role=ADMIN method=GET path=/ status=200
2026-09-29 13:00:17,996 [INFO] vulnscan.audit: REQUEST user=admin role=ADMIN method=GET path=/ status=200
2026-09-29 13:00:18,667 [INFO] vulnscan.audit: REQUEST user=admin role=ADMIN method=GET path=/ status=200
2026-09-29 13:00:29,830 [INFO] vulnscan.audit: REQUEST user=admin role=ADMIN method=GET path=/ status=200
2026-09-29 13:00:42,504 [INFO] vulnscan.audit: REQUEST user=admin role=ADMIN method=GET path=/ status=200
2026-09-29 13:00:44,667 [INFO] vulnscan.audit: REQUEST user=admin role=ADMIN method=GET path=/ status=200
2026-09-29 13:01:04,324 [INFO] vulnscan.audit: REQUEST user=admin role=ADMIN method=GET path=/ status=200
2026-09-29 13:01:20,550 [INFO] vulnscan.audit: REQUEST user=admin role=ADMIN method=GET path=/ status=200
2026-09-29 13:01:44,102 [INFO] vulnscan.audit: REQUEST user=admin role=ADMIN method=GET path=/ status=200
2026-09-29 13:01:46,798 [INFO] vulnscan.audit: REQUEST user=admin role=ADMIN method=GET path=/ status=200
2026-09-29 13:01:58,956 [INFO] vulnscan.audit: REQUEST user=admin role=ADMIN method=GET path=/ status=200
2026-09-29 13:01:59,461 [INFO] vulnscan.audit: REQUEST user=admin role=ADMIN method=GET path=/ status=200
2026-09-29 13:02:09,473 [INFO] vulnscan.audit: REQUEST user=admin role=ADMIN method=GET path=/ status=200
2026-09-29 13:02:10,984 [INFO] vulnscan.audit: REQUEST user=admin role=ADMIN method=GET path=/ status=200
2026-09-29 13:02:11,198 [INFO] vulnscan.audit: REQUEST user=admin role=ADMIN method=GET path=/ status=200
2026-09-29 13:03:42,467 [INFO] vulnscan.audit: REQUEST user=admin role=ADMIN method=GET path=/ status=200
2026-09-29 13:03:44,030 [INFO] vulnscan.audit: REQUEST user=admin role=ADMIN method=GET path=/analytics/ status=200
2026-09-29 13:04:01,619 [INFO] vulnscan.audit: REQUEST user=admin role=ADMIN method=GET path=/analytics/ status=200
2026-09-29 13:06:17,220 [INFO] vulnscan.audit: REQUEST user=admin role=ADMIN method=GET path=/analytics/ status=200
2026-09-29 13:06:18,697 [INFO] vulnscan.audit: REQUEST user=admin role=ADMIN method=GET path=/analytics/ status=200
2026-09-29 13:06:20,794 [INFO] vulnscan.audit: REQUEST user=admin role=ADMIN method=GET path=/ status=200
2026-09-29 13:06:22,074 [INFO] vulnscan.audit: REQUEST user=admin role=ADMIN method=GET path=/analytics/ status=200
2026-09-29 13:06:30,335 [INFO] vulnscan.audit: REQUEST user=admin role=ADMIN method=GET path=/analytics/ status=200
2026-09-29 13:06:31,642 [INFO] vulnscan.audit: REQUEST user=admin role=ADMIN method=GET path=/analytics/ status=200
2026-09-29 13:06:32,648 [INFO] vulnscan.audit: REQUEST user=admin role=ADMIN method=GET path=/scanning/ status=200
2026-09-29 13:06:34,641 [INFO] vulnscan.audit: REQUEST user=admin role=ADMIN method=GET path=/ status=200
2026-09-29 13:06:35,883 [INFO] vulnscan.audit: REQUEST user=admin role=ADMIN method=GET path=/analytics/ status=200
2026-09-29 13:06:37,219 [INFO] vulnscan.audit: REQUEST user=admin role=ADMIN method=GET path=/ status=200
2026-09-29 13:08:28,636 [INFO] vulnscan.audit: REQUEST user=admin role=ADMIN method=GET path=/ status=200
2026-09-29 13:08:30,032 [INFO] vulnscan.audit: REQUEST user=admin role=ADMIN method=GET path=/analytics/ status=200
2026-09-29 13:10:18,526 [INFO] vulnscan.audit: REQUEST user=admin role=ADMIN method=GET path=/analytics/ status=200
2026-09-29 13:10:19,684 [INFO] vulnscan.audit: REQUEST user=admin role=ADMIN method=GET path=/analytics/ status=200
2026-09-29 13:10:20,932 [INFO] vulnscan.audit: REQUEST user=admin role=ADMIN method=GET path=/ status=200
2026-09-29 13:11:23,877 [INFO] vulnscan.audit: REQUEST user=admin role=ADMIN method=GET path=/ status=200
2026-09-29 13:11:25,467 [INFO] vulnscan.audit: REQUEST user=admin role=ADMIN method=GET path=/analytics/ status=200
2026-09-29 13:11:26,757 [INFO] vulnscan.audit: REQUEST user=admin role=ADMIN method=GET path=/ status=200
2026-09-29 13:14:26,093 [INFO] vulnscan.audit: REQUEST user=admin role=ADMIN method=GET path=/ status=200
2026-09-29 13:14:27,400 [INFO] vulnscan.audit: REQUEST user=admin role=ADMIN method=GET path=/analytics/ status=200
2026-09-29 13:15:17,938 [INFO] vulnscan.audit: REQUEST user=admin role=ADMIN method=GET path=/analytics/ status=200
2026-09-29 13:15:19,606 [INFO] vulnscan.audit: REQUEST user=admin role=ADMIN method=GET path=/vulnassess/ status=200
2026-09-29 13:15:20,597 [INFO] vulnscan.audit: REQUEST user=admin role=ADMIN method=GET path=/vulnassess/ status=200
2026-09-29 13:15:21,293 [INFO] vulnscan.audit: REQUEST user=admin role=ADMIN method=GET path=/vulnassess/ status=200
2026-09-29 13:16:38,170 [INFO] vulnscan.audit: REQUEST user=admin role=ADMIN method=GET path=/.well-known/appspecific/com.chrome.devtools.json status=404
2026-09-29 13:17:03,490 [INFO] vulnscan.audit: REQUEST user=admin role=ADMIN method=GET path=/vulnassess/ status=200
2026-09-29 13:17:03,563 [INFO] vulnscan.audit: REQUEST user=admin role=ADMIN method=GET path=/.well-known/appspecific/com.chrome.devtools.json status=404
2026-09-29 13:18:31,122 [INFO] vulnscan.audit: REQUEST user=admin role=ADMIN method=GET path=/vulnassess/ status=200
2026-09-29 13:18:31,169 [INFO] vulnscan.audit: REQUEST user=admin role=ADMIN method=GET path=/.well-known/appspecific/com.chrome.devtools.json status=404
2026-09-29 13:18:56,521 [INFO] vulnscan.audit: REQUEST user=admin role=ADMIN method=GET path=/vulnassess/ status=200
2026-09-29 13:18:58,686 [INFO] vulnscan.audit: REQUEST user=admin role=ADMIN method=GET path=/analytics/ status=200
2026-09-29 13:19:00,314 [INFO] vulnscan.audit: REQUEST user=admin role=ADMIN method=GET path=/ status=200
2026-09-29 13:22:31,839 [INFO] vulnscan.audit: REQUEST user=admin role=ADMIN method=GET path=/ status=200
2026-09-29 13:22:32,536 [INFO] vulnscan.audit: REQUEST user=admin role=ADMIN method=GET path=/ status=200
2026-09-29 13:22:36,101 [INFO] vulnscan.audit: REQUEST user=admin role=ADMIN method=GET path=/analytics/ status=200
2026-09-29 13:22:37,438 [INFO] vulnscan.audit: REQUEST user=admin role=ADMIN method=GET path=/analytics/ status=200
2026-09-29 13:22:38,607 [INFO] vulnscan.audit: REQUEST user=admin role=ADMIN method=GET path=/scanning/ status=200
2026-09-29 13:23:30,268 [INFO] vulnscan.audit: REQUEST user=admin role=ADMIN method=GET path=/scanning/ status=200
2026-09-29 13:23:30,795 [INFO] vulnscan.audit: REQUEST user=admin role=ADMIN method=GET path=/scanning/ status=200
2026-09-29 13:23:31,117 [INFO] vulnscan.audit: REQUEST user=admin role=ADMIN method=GET path=/scanning/ status=200
2026-09-29 13:25:18,298 [INFO] vulnscan.audit: REQUEST user=admin role=ADMIN method=GET path=/scanning/ status=200
2026-09-29 13:25:18,809 [INFO] vulnscan.audit: REQUEST user=admin role=ADMIN method=GET path=/scanning/ status=200
2026-09-29 13:25:19,093 [INFO] vulnscan.audit: REQUEST user=admin role=ADMIN method=GET path=/scanning/ status=200
2026-09-29 13:25:19,299 [INFO] vulnscan.audit: REQUEST user=admin role=ADMIN method=GET path=/scanning/ status=200
2026-09-29 13:25:19,522 [INFO] vulnscan.audit: REQUEST user=admin role=ADMIN method=GET path=/scanning/ status=200
2026-09-29 13:25:19,714 [INFO] vulnscan.audit: REQUEST user=admin role=ADMIN method=GET path=/scanning/ status=200
2026-09-29 13:25:19,921 [INFO] vulnscan.audit: REQUEST user=admin role=ADMIN method=GET path=/scanning/ status=200
2026-09-29 13:25:20,089 [INFO] vulnscan.audit: REQUEST user=admin role=ADMIN method=GET path=/scanning/ status=200
2026-09-29 13:25:20,277 [INFO] vulnscan.audit: REQUEST user=admin role=ADMIN method=GET path=/scanning/ status=200
2026-09-29 13:25:20,463 [INFO] vulnscan.audit: REQUEST user=admin role=ADMIN method=GET path=/scanning/ status=200
2026-09-29 13:25:20,798 [INFO] vulnscan.audit: REQUEST user=admin role=ADMIN method=GET path=/scanning/ status=200
2026-09-29 13:25:20,986 [INFO] vulnscan.audit: REQUEST user=admin role=ADMIN method=GET path=/scanning/ status=200
2026-09-29 13:25:21,165 [INFO] vulnscan.audit: REQUEST user=admin role=ADMIN method=GET path=/scanning/ status=200
2026-09-29 13:25:21,375 [INFO] vulnscan.audit: REQUEST user=admin role=ADMIN method=GET path=/scanning/ status=200
2026-09-29 13:25:28,643 [INFO] vulnscan.audit: REQUEST user=admin role=ADMIN method=GET path=/scanning/ status=200
2026-09-29 13:25:54,800 [INFO] vulnscan.audit: REQUEST user=admin role=ADMIN method=GET path=/scanning/ status=200
2026-09-29 13:25:55,303 [INFO] vulnscan.audit: REQUEST user=admin role=ADMIN method=GET path=/scanning/ status=200
2026-09-29 13:25:56,698 [INFO] vulnscan.audit: REQUEST user=admin role=ADMIN method=GET path=/scanning/ status=200
2026-09-29 13:25:57,437 [INFO] vulnscan.audit: REQUEST user=admin role=ADMIN method=GET path=/scanning/ status=200
2026-09-29 13:26:06,506 [INFO] vulnscan.audit: REQUEST user=admin role=ADMIN method=GET path=/ status=200
2026-09-29 13:26:58,845 [INFO] vulnscan.audit: REQUEST user=admin role=ADMIN method=GET path=/.well-known/appspecific/com.chrome.devtools.json status=404
2026-09-29 13:28:08,452 [INFO] vulnscan.audit: REQUEST user=admin role=ADMIN method=GET path=/ status=200
2026-09-29 13:28:10,183 [INFO] vulnscan.audit: REQUEST user=admin role=ADMIN method=GET path=/ status=200
2026-09-29 13:28:11,089 [INFO] vulnscan.audit: REQUEST user=admin role=ADMIN method=GET path=/analytics/ status=200
2026-09-29 13:28:13,218 [INFO] vulnscan.audit: REQUEST user=admin role=ADMIN method=GET path=/ status=200
2026-09-29 13:30:24,158 [INFO] vulnscan.audit: REQUEST user=admin role=ADMIN method=GET path=/ status=200
2026-09-29 13:30:24,995 [INFO] vulnscan.audit: REQUEST user=admin role=ADMIN method=GET path=/ status=200
2026-09-29 13:30:25,280 [INFO] vulnscan.audit: REQUEST user=admin role=ADMIN method=GET path=/ status=200
2026-09-29 13:30:25,479 [INFO] vulnscan.audit: REQUEST user=admin role=ADMIN method=GET path=/ status=200
2026-09-29 13:30:25,646 [INFO] vulnscan.audit: REQUEST user=admin role=ADMIN method=GET path=/ status=200
2026-09-29 13:30:25,839 [INFO] vulnscan.audit: REQUEST user=admin role=ADMIN method=GET path=/ status=200
2026-09-29 13:30:44,742 [INFO] vulnscan.audit: REQUEST user=admin role=ADMIN method=GET path=/ status=200
2026-09-29 13:30:45,351 [INFO] vulnscan.audit: REQUEST user=admin role=ADMIN method=GET path=/ status=200
2026-09-29 13:30:45,755 [INFO] vulnscan.audit: REQUEST user=admin role=ADMIN method=GET path=/ status=200
2026-09-29 13:30:46,739 [INFO] vulnscan.audit: REQUEST user=admin role=ADMIN method=GET path=/analytics/ status=200
2026-09-29 13:30:48,117 [INFO] vulnscan.audit: REQUEST user=admin role=ADMIN method=GET path=/ status=200
2026-09-29 13:31:12,268 [INFO] vulnscan.audit: REQUEST user=admin role=ADMIN method=GET path=/ status=200
2026-09-29 13:31:12,645 [INFO] vulnscan.audit: REQUEST user=admin role=ADMIN method=GET path=/ status=200
2026-09-29 13:31:12,840 [INFO] vulnscan.audit: REQUEST user=admin role=ADMIN method=GET path=/ status=200
2026-09-29 13:31:13,050 [INFO] vulnscan.audit: REQUEST user=admin role=ADMIN method=GET path=/ status=200
2026-09-29 13:31:13,280 [INFO] vulnscan.audit: REQUEST user=admin role=ADMIN method=GET path=/ status=200
2026-09-29 13:31:16,304 [INFO] vulnscan.audit: REQUEST user=admin role=ADMIN method=GET path=/analytics/ status=200
2026-09-29 13:31:17,765 [INFO] vulnscan.audit: REQUEST user=admin role=ADMIN method=GET path=/scanning/ status=200
2026-09-29 13:31:18,829 [INFO] vulnscan.audit: REQUEST user=admin role=ADMIN method=GET path=/accounts/manage/ status=200
2026-09-29 13:31:19,815 [INFO] vulnscan.audit: REQUEST user=admin role=ADMIN method=GET path=/accounts/logs/ status=200
2026-09-29 13:31:25,459 [INFO] vulnscan.audit: REQUEST user=admin role=ADMIN method=GET path=/ status=200
2026-09-29 13:32:36,520 [INFO] vulnscan.audit: REQUEST user=admin role=ADMIN method=GET path=/ status=200
2026-09-29 13:32:37,826 [INFO] vulnscan.audit: REQUEST user=admin role=ADMIN method=GET path=/analytics/ status=200
2026-09-29 13:33:11,976 [INFO] vulnscan.audit: REQUEST user=admin role=ADMIN method=GET path=/analytics/ status=200
2026-09-29 13:33:37,011 [INFO] vulnscan.audit: REQUEST user=admin role=ADMIN method=GET path=/analytics/ status=200
2026-09-29 13:33:39,616 [INFO] vulnscan.audit: REQUEST user=admin role=ADMIN method=GET path=/analytics/ status=200
2026-09-29 13:33:41,305 [INFO] vulnscan.audit: REQUEST user=admin role=ADMIN method=GET path=/dashboard/ status=404
2026-09-29 13:33:44,869 [INFO] vulnscan.audit: REQUEST user=admin role=ADMIN method=GET path=/analytics/ status=200
2026-09-29 13:34:47,673 [INFO] vulnscan.audit: REQUEST user=admin role=ADMIN method=GET path=/analytics/ status=200
2026-09-29 13:34:49,292 [INFO] vulnscan.audit: REQUEST user=admin role=ADMIN method=GET path=/analytics/ status=200
2026-09-29 13:35:28,183 [INFO] vulnscan.audit: REQUEST user=admin role=ADMIN method=GET path=/analytics/ status=200
2026-09-29 13:35:34,614 [INFO] vulnscan.audit: REQUEST user=admin role=ADMIN method=GET path=/analytics/ status=200
2026-09-29 13:35:36,453 [INFO] vulnscan.audit: REQUEST user=admin role=ADMIN method=GET path=/analytics/ status=200
2026-09-29 13:35:48,350 [INFO] vulnscan.audit: REQUEST user=admin role=ADMIN method=GET path=/analytics/ status=200
2026-09-29 13:35:50,266 [INFO] vulnscan.audit: REQUEST user=admin role=ADMIN method=GET path=/analytics/ status=200
2026-09-29 13:36:22,156 [INFO] vulnscan.audit: REQUEST user=admin role=ADMIN method=GET path=/analytics/ status=200
2026-09-29 13:37:22,368 [INFO] vulnscan.audit: REQUEST user=admin role=ADMIN method=GET path=/analytics/ status=200
2026-09-29 13:37:23,010 [INFO] vulnscan.audit: REQUEST user=admin role=ADMIN method=GET path=/analytics/ status=200
2026-09-29 13:37:23,395 [INFO] vulnscan.audit: REQUEST user=admin role=ADMIN method=GET path=/analytics/ status=200
2026-09-29 13:37:23,752 [INFO] vulnscan.audit: REQUEST user=admin role=ADMIN method=GET path=/analytics/ status=200
2026-09-29 13:37:24,088 [INFO] vulnscan.audit: REQUEST user=admin role=ADMIN method=GET path=/analytics/ status=200
2026-09-29 13:37:24,390 [INFO] vulnscan.audit: REQUEST user=admin role=ADMIN method=GET path=/analytics/ status=200
2026-09-29 13:37:24,684 [INFO] vulnscan.audit: REQUEST user=admin role=ADMIN method=GET path=/analytics/ status=200
2026-09-29 13:38:16,844 [INFO] vulnscan.audit: REQUEST user=admin role=ADMIN method=GET path=/analytics/ status=200
2026-09-29 13:39:24,677 [INFO] vulnscan.audit: REQUEST user=admin role=ADMIN method=GET path=/analytics/ status=200
2026-09-29 13:39:27,330 [INFO] vulnscan.audit: REQUEST user=admin role=ADMIN method=GET path=/scanning/ status=200
2026-09-29 13:39:28,449 [INFO] vulnscan.audit: REQUEST user=admin role=ADMIN method=GET path=/analytics/ status=200
2026-09-29 13:39:29,413 [INFO] vulnscan.audit: REQUEST user=admin role=ADMIN method=GET path=/ status=200
2026-09-29 13:39:52,542 [INFO] vulnscan.audit: REQUEST user=admin role=ADMIN method=GET path=/ status=200
2026-09-29 13:39:53,058 [INFO] vulnscan.audit: REQUEST user=admin role=ADMIN method=GET path=/ status=200
2026-09-29 13:39:53,272 [INFO] vulnscan.audit: REQUEST user=admin role=ADMIN method=GET path=/ status=200
2026-09-29 13:39:53,413 [INFO] vulnscan.audit: REQUEST user=admin role=ADMIN method=GET path=/ status=200
2026-09-29 13:39:53,649 [INFO] vulnscan.audit: REQUEST user=admin role=ADMIN method=GET path=/ status=200
2026-09-29 13:40:22,616 [INFO] vulnscan.audit: REQUEST user=admin role=ADMIN method=GET path=/ status=200
2026-09-29 13:40:51,499 [INFO] vulnscan.audit: REQUEST user=admin role=ADMIN method=GET path=/ status=200
2026-09-29 13:40:51,906 [INFO] vulnscan.audit: REQUEST user=admin role=ADMIN method=GET path=/ status=200
2026-09-29 13:40:53,462 [INFO] vulnscan.audit: REQUEST user=admin role=ADMIN method=GET path=/analytics/ status=200
2026-09-29 13:40:56,998 [INFO] vulnscan.audit: REQUEST user=admin role=ADMIN method=GET path=/.well-known/appspecific/com.chrome.devtools.json status=404
2026-09-29 13:42:40,126 [INFO] vulnscan.audit: REQUEST user=admin role=ADMIN method=GET path=/analytics/ status=200
2026-09-29 13:42:40,220 [INFO] vulnscan.audit: REQUEST user=admin role=ADMIN method=GET path=/.well-known/appspecific/com.chrome.devtools.json status=404
2026-09-29 13:42:40,982 [INFO] vulnscan.audit: REQUEST user=admin role=ADMIN method=GET path=/analytics/ status=200
2026-09-29 13:42:41,045 [INFO] vulnscan.audit: REQUEST user=admin role=ADMIN method=GET path=/.well-known/appspecific/com.chrome.devtools.json status=404
2026-09-29 13:44:15,337 [INFO] vulnscan.audit: REQUEST user=admin role=ADMIN method=GET path=/analytics/ status=200
2026-09-29 13:44:15,394 [INFO] vulnscan.audit: REQUEST user=admin role=ADMIN method=GET path=/.well-known/appspecific/com.chrome.devtools.json status=404
2026-09-29 13:44:16,420 [INFO] vulnscan.audit: REQUEST user=admin role=ADMIN method=GET path=/analytics/ status=200
2026-09-29 13:44:16,472 [INFO] vulnscan.audit: REQUEST user=admin role=ADMIN method=GET path=/.well-known/appspecific/com.chrome.devtools.json status=404
2026-09-29 13:44:29,828 [INFO] vulnscan.audit: REQUEST user=admin role=ADMIN method=GET path=/ status=200
2026-09-29 13:44:29,887 [INFO] vulnscan.audit: REQUEST user=admin role=ADMIN method=GET path=/.well-known/appspecific/com.chrome.devtools.json status=404
2026-09-29 13:44:31,269 [INFO] vulnscan.audit: REQUEST user=admin role=ADMIN method=GET path=/analytics/ status=200
2026-09-29 13:44:31,326 [INFO] vulnscan.audit: REQUEST user=admin role=ADMIN method=GET path=/.well-known/appspecific/com.chrome.devtools.json status=404
2026-09-29 13:44:32,904 [INFO] vulnscan.audit: REQUEST user=admin role=ADMIN method=GET path=/ status=200
2026-09-29 13:44:32,957 [INFO] vulnscan.audit: REQUEST user=admin role=ADMIN method=GET path=/.well-known/appspecific/com.chrome.devtools.json status=404
2026-09-29 13:47:24,131 [INFO] vulnscan.audit: REQUEST user=admin role=ADMIN method=GET path=/.well-known/appspecific/com.chrome.devtools.json status=404
2026-09-29 13:48:02,611 [INFO] vulnscan.audit: REQUEST user=admin role=ADMIN method=GET path=/.well-known/appspecific/com.chrome.devtools.json status=404
2026-09-29 13:52:46,952 [INFO] vulnscan.audit: REQUEST user=admin role=ADMIN method=GET path=/ status=200
2026-09-29 13:52:47,050 [INFO] vulnscan.audit: REQUEST user=admin role=ADMIN method=GET path=/.well-known/appspecific/com.chrome.devtools.json status=404
2026-09-29 13:52:48,225 [INFO] vulnscan.audit: REQUEST user=admin role=ADMIN method=GET path=/ status=200
2026-09-29 13:52:48,275 [INFO] vulnscan.audit: REQUEST user=admin role=ADMIN method=GET path=/.well-known/appspecific/com.chrome.devtools.json status=404
2026-09-29 13:53:07,240 [INFO] vulnscan.audit: REQUEST user=admin role=ADMIN method=GET path=/ status=200
2026-09-29 13:53:07,317 [INFO] vulnscan.audit: REQUEST user=admin role=ADMIN method=GET path=/.well-known/appspecific/com.chrome.devtools.json status=404
2026-09-29 13:53:18,934 [INFO] vulnscan.audit: REQUEST user=admin role=ADMIN method=GET path=/ status=200
2026-09-29 13:53:19,997 [INFO] vulnscan.audit: REQUEST user=admin role=ADMIN method=GET path=/analytics/ status=200
2026-09-29 13:53:20,912 [INFO] vulnscan.audit: REQUEST user=admin role=ADMIN method=GET path=/scanning/ status=200
2026-09-29 13:53:22,220 [INFO] vulnscan.audit: REQUEST user=admin role=ADMIN method=GET path=/reports/ status=200
2026-09-29 13:53:23,112 [INFO] vulnscan.audit: REQUEST user=admin role=ADMIN method=GET path=/accounts/manage/ status=200
2026-09-29 13:53:23,991 [INFO] vulnscan.audit: REQUEST user=admin role=ADMIN method=GET path=/accounts/logs/ status=200
2026-09-29 13:53:28,951 [INFO] vulnscan.audit: User logout: username=admin ip=127.0.0.1
